case_name,swarm_size,w,c1,c2,max_iterations,seed,best_weighted,makespan,total_cost,runtime
single_small,20,0.3,1.2,1.2,80,1000,265.833265347743,265.833265347743,0.0,4.651360988616943
single_small,20,0.3,1.2,1.2,80,1001,260.54130490392953,260.54130490392953,0.0,5.0540611743927
single_small,20,0.3,1.2,1.2,80,1002,268.53961192565043,268.53961192565043,0.0,5.455507040023804
single_small,20,0.3,1.2,1.2,150,1003,262.7400848223386,262.7400848223386,0.0,13.05327320098877
single_small,20,0.3,1.2,1.2,150,1004,258.43366903368656,258.43366903368656,0.0,9.406646966934204
single_small,20,0.3,1.2,1.2,150,1005,259.8471446421282,259.8471446421282,0.0,9.153299808502197
single_small,20,0.3,1.2,1.2,250,1006,258.8259585567037,258.8259585567037,0.0,16.70254898071289
single_small,20,0.3,1.2,1.2,250,1007,258.5537869692628,258.5537869692628,0.0,14.439610242843628
single_small,20,0.3,1.2,1.2,250,1008,260.37369145161716,260.37369145161716,0.0,14.19140625
single_small,20,0.3,1.7,1.7,80,1009,262.81247048908347,262.81247048908347,0.0,4.808927774429321
single_small,20,0.3,1.7,1.7,80,1010,261.5490083986358,261.5490083986358,0.0,4.686717987060547
single_small,20,0.3,1.7,1.7,80,1011,264.4738007428851,264.4738007428851,0.0,4.926371812820435
single_small,20,0.3,1.7,1.7,150,1012,264.43524475478927,264.43524475478927,0.0,10.660862922668457
single_small,20,0.3,1.7,1.7,150,1013,273.69505580515323,273.69505580515323,0.0,8.527055025100708
single_small,20,0.3,1.7,1.7,150,1014,268.0121520969627,268.0121520969627,0.0,9.870956897735596
single_small,20,0.3,1.7,1.7,250,1015,268.6458298445473,268.6458298445473,0.0,15.026080131530762
single_small,20,0.3,1.7,1.7,250,1016,259.4727952987672,259.4727952987672,0.0,15.555253982543945
single_small,20,0.3,1.7,1.7,250,1017,259.4530256449414,259.4530256449414,0.0,14.868717908859253
single_small,20,0.3,2.2,2.2,80,1018,388.06180439641275,287.42206647953014,100.63973791688262,8.157181978225708
single_small,20,0.3,2.2,2.2,80,1019,294.0742283289662,294.0742283289662,0.0,8.391571283340454
single_small,20,0.3,2.2,2.2,80,1020,289.75762046074414,289.75762046074414,0.0,6.115231990814209
single_small,20,0.3,2.2,2.2,150,1021,265.2623560631806,265.2623560631806,0.0,9.46979284286499
single_small,20,0.3,2.2,2.2,150,1022,275.69789303079415,275.69789303079415,0.0,9.806267738342285
single_small,20,0.3,2.2,2.2,150,1023,264.56126258277084,264.56126258277084,0.0,9.281000852584839
single_small,20,0.3,2.2,2.2,250,1024,270.0737829616233,270.0737829616233,0.0,17.31169629096985
single_small,20,0.3,2.2,2.2,250,1025,265.4815461693008,265.4815461693008,0.0,16.158830881118774
single_small,20,0.3,2.2,2.2,250,1026,262.49217958788984,262.49217958788984,0.0,19.165488719940186
single_small,20,0.5,1.2,1.2,80,1027,284.1452787732311,284.1452787732311,0.0,7.300815105438232
single_small,20,0.5,1.2,1.2,80,1028,261.171394392251,261.171394392251,0.0,4.614746332168579
single_small,20,0.5,1.2,1.2,80,1029,283.704029941145,283.704029941145,0.0,7.981297016143799
single_small,20,0.5,1.2,1.2,150,1030,262.16935830400064,262.16935830400064,0.0,9.597989797592163
single_small,20,0.5,1.2,1.2,150,1031,262.66698583481366,262.66698583481366,0.0,12.653756141662598
single_small,20,0.5,1.2,1.2,150,1032,266.0043993847398,266.0043993847398,0.0,10.54484486579895
single_small,20,0.5,1.2,1.2,250,1033,264.28959210844937,264.28959210844937,0.0,14.694109916687012
single_small,20,0.5,1.2,1.2,250,1034,260.3549849957,260.3549849957,0.0,16.232415914535522
single_small,20,0.5,1.2,1.2,250,1035,258.9440873384773,258.9440873384773,0.0,14.282335996627808
single_small,20,0.5,1.7,1.7,80,1036,265.63300464694544,265.63300464694544,0.0,4.859519004821777
single_small,20,0.5,1.7,1.7,80,1037,260.948032054364,260.948032054364,0.0,5.127308130264282
single_small,20,0.5,1.7,1.7,80,1038,264.1996383363472,264.1996383363472,0.0,5.059082984924316
single_small,20,0.5,1.7,1.7,150,1039,283.3718460673825,283.3718460673825,0.0,9.399203062057495
single_small,20,0.5,1.7,1.7,150,1040,274.33837226171477,274.33837226171477,0.0,13.422623872756958
single_small,20,0.5,1.7,1.7,150,1041,266.1703938994378,266.1703938994378,0.0,8.919575929641724
single_small,20,0.5,1.7,1.7,250,1042,263.26180568725664,263.26180568725664,0.0,15.967395067214966
single_small,20,0.5,1.7,1.7,250,1043,265.53953320592814,265.53953320592814,0.0,18.80984401702881
single_small,20,0.5,1.7,1.7,250,1044,267.32006413950046,267.32006413950046,0.0,14.872461080551147
single_small,20,0.5,2.2,2.2,80,1045,271.7892636882283,271.7892636882283,0.0,4.635047197341919
single_small,20,0.5,2.2,2.2,80,1046,271.5819577016657,271.5819577016657,0.0,4.927128791809082
single_small,20,0.5,2.2,2.2,80,1047,287.00689655172414,287.00689655172414,0.0,4.784420013427734
single_small,20,0.5,2.2,2.2,150,1048,266.60437087382616,266.60437087382616,0.0,8.758928298950195
single_small,20,0.5,2.2,2.2,150,1049,274.5186258919145,274.5186258919145,0.0,14.201183080673218
single_small,20,0.5,2.2,2.2,150,1050,269.1194909266923,269.1194909266923,0.0,9.42787790298462
single_small,20,0.5,2.2,2.2,250,1051,270.70087450049226,270.70087450049226,0.0,15.743377923965454
single_small,20,0.5,2.2,2.2,250,1052,269.94342828585707,269.94342828585707,0.0,15.07019305229187
single_small,20,0.5,2.2,2.2,250,1053,267.49562312061477,267.49562312061477,0.0,15.151882886886597
single_small,20,0.8,1.2,1.2,80,1054,272.40215548673655,272.40215548673655,0.0,4.444162845611572
single_small,20,0.8,1.2,1.2,80,1055,264.85234024054483,264.85234024054483,0.0,5.02118182182312
single_small,20,0.8,1.2,1.2,80,1056,280.57225454220224,280.57225454220224,0.0,4.488404273986816
single_small,20,0.8,1.2,1.2,150,1057,288.5451729478575,288.5451729478575,0.0,8.398536205291748
single_small,20,0.8,1.2,1.2,150,1058,272.39538139957324,272.39538139957324,0.0,12.39081621170044
single_small,20,0.8,1.2,1.2,150,1059,264.3428400995721,264.3428400995721,0.0,9.310528993606567
single_small,20,0.8,1.2,1.2,250,1060,266.2933960710793,266.2933960710793,0.0,14.092374086380005
single_small,20,0.8,1.2,1.2,250,1061,264.54410774410775,264.54410774410775,0.0,14.504832983016968
single_small,20,0.8,1.2,1.2,250,1062,288.88510638297873,288.88510638297873,0.0,14.750560998916626
single_small,20,0.8,1.7,1.7,80,1063,284.4292735508874,284.4292735508874,0.0,4.489558219909668
single_small,20,0.8,1.7,1.7,80,1064,287.65991851041645,287.65991851041645,0.0,6.936854124069214
single_small,20,0.8,1.7,1.7,80,1065,268.04001031193604,268.04001031193604,0.0,4.577852964401245
single_small,20,0.8,1.7,1.7,150,1066,267.1734383229375,267.1734383229375,0.0,8.838699579238892
single_small,20,0.8,1.7,1.7,150,1067,266.415763546798,266.415763546798,0.0,8.657848834991455
single_small,20,0.8,1.7,1.7,150,1068,265.1914866822077,265.1914866822077,0.0,12.319538831710815
single_small,20,0.8,1.7,1.7,250,1069,266.1624796124827,266.1624796124827,0.0,14.608141899108887
single_small,20,0.8,1.7,1.7,250,1070,264.7992973210364,264.7992973210364,0.0,14.661133050918579
single_small,20,0.8,1.7,1.7,250,1071,289.33298130742423,289.33298130742423,0.0,14.270442962646484
single_small,20,0.8,2.2,2.2,80,1072,284.50606802688344,284.50606802688344,0.0,4.827141284942627
single_small,20,0.8,2.2,2.2,80,1073,265.30390189520625,265.30390189520625,0.0,5.249356031417847
single_small,20,0.8,2.2,2.2,80,1074,284.75123202106414,284.75123202106414,0.0,4.7400901317596436
single_small,20,0.8,2.2,2.2,150,1075,272.99909502262443,272.99909502262443,0.0,9.627901077270508
single_small,20,0.8,2.2,2.2,150,1076,273.0537764350453,273.0537764350453,0.0,12.279727220535278
single_small,20,0.8,2.2,2.2,150,1077,286.45419765857184,286.45419765857184,0.0,8.904579877853394
single_small,20,0.8,2.2,2.2,250,1078,269.29040303496976,269.29040303496976,0.0,16.13136386871338
single_small,20,0.8,2.2,2.2,250,1079,270.5696868503066,270.5696868503066,0.0,15.89339280128479
single_small,20,0.8,2.2,2.2,250,1080,268.6238952750008,268.6238952750008,0.0,19.303850889205933
single_small,40,0.3,1.2,1.2,80,1081,261.5767255157191,261.5767255157191,0.0,9.931018114089966
single_small,40,0.3,1.2,1.2,80,1082,259.01724599985164,259.01724599985164,0.0,9.979572772979736
single_small,40,0.3,1.2,1.2,80,1083,260.84860965898656,260.84860965898656,0.0,10.17543625831604
single_small,40,0.3,1.2,1.2,150,1084,259.4236533681669,259.4236533681669,0.0,25.192118167877197
single_small,40,0.3,1.2,1.2,150,1085,259.1175554056575,259.1175554056575,0.0,18.534236192703247
single_small,40,0.3,1.2,1.2,150,1086,259.6181657544226,259.6181657544226,0.0,17.866955041885376
single_small,40,0.3,1.2,1.2,250,1087,258.4194850564825,258.4194850564825,0.0,31.095470190048218
single_small,40,0.3,1.2,1.2,250,1088,258.9551710747724,258.9551710747724,0.0,29.954538106918335
single_small,40,0.3,1.2,1.2,250,1089,258.53388109029237,258.53388109029237,0.0,33.2207932472229
single_small,40,0.3,1.7,1.7,80,1090,261.4483495376263,261.4483495376263,0.0,10.139973163604736
single_small,40,0.3,1.7,1.7,80,1091,264.1044143584648,264.1044143584648,0.0,9.347057104110718
single_small,40,0.3,1.7,1.7,80,1092,262.34405068559795,262.34405068559795,0.0,10.233744859695435
single_small,40,0.3,1.7,1.7,150,1093,264.10634141604964,264.10634141604964,0.0,18.793304204940796
single_small,40,0.3,1.7,1.7,150,1094,261.3064749270758,261.3064749270758,0.0,18.937705039978027
single_small,40,0.3,1.7,1.7,150,1095,260.0262206904492,260.0262206904492,0.0,18.970396757125854
single_small,40,0.3,1.7,1.7,250,1096,258.7165049522421,258.7165049522421,0.0,35.79169797897339
single_small,40,0.3,1.7,1.7,250,1097,260.2028935227387,260.2028935227387,0.0,30.92140293121338
single_small,40,0.3,1.7,1.7,250,1098,258.986867899105,258.986867899105,0.0,32.50806975364685
single_small,40,0.3,2.2,2.2,80,1099,266.83233793905976,266.83233793905976,0.0,11.684338092803955
single_small,40,0.3,2.2,2.2,80,1100,264.3619214092029,264.3619214092029,0.0,11.836163759231567
single_small,40,0.3,2.2,2.2,80,1101,267.33856864383176,267.33856864383176,0.0,11.74380898475647
single_small,40,0.3,2.2,2.2,150,1102,277.7918876824012,277.7918876824012,0.0,19.469976902008057
single_small,40,0.3,2.2,2.2,150,1103,261.8413517227754,261.8413517227754,0.0,20.177961826324463
single_small,40,0.3,2.2,2.2,150,1104,266.4584233761866,266.4584233761866,0.0,18.83837389945984
single_small,40,0.3,2.2,2.2,250,1105,269.53563218390804,269.53563218390804,0.0,30.71934485435486
single_small,40,0.3,2.2,2.2,250,1106,263.80838148730277,263.80838148730277,0.0,31.42153000831604
single_small,40,0.3,2.2,2.2,250,1107,261.9991417764738,261.9991417764738,0.0,32.2114040851593
single_small,40,0.5,1.2,1.2,80,1108,261.88932410610306,261.88932410610306,0.0,10.296884059906006
single_small,40,0.5,1.2,1.2,80,1109,258.80657784764037,258.80657784764037,0.0,9.556496143341064
single_small,40,0.5,1.2,1.2,80,1110,261.08966903060167,261.08966903060167,0.0,9.474043846130371
single_small,40,0.5,1.2,1.2,150,1111,259.45737787715547,259.45737787715547,0.0,19.69469690322876
single_small,40,0.5,1.2,1.2,150,1112,259.75964578977016,259.75964578977016,0.0,19.036000728607178
single_small,40,0.5,1.2,1.2,150,1113,261.5940250484257,261.5940250484257,0.0,18.263442277908325
single_small,40,0.5,1.2,1.2,250,1114,258.93507866870544,258.93507866870544,0.0,30.42807388305664
single_small,40,0.5,1.2,1.2,250,1115,259.58234398782344,259.58234398782344,0.0,31.479170083999634
single_small,40,0.5,1.2,1.2,250,1116,258.649095254353,258.649095254353,0.0,30.863176822662354
single_small,40,0.5,1.7,1.7,80,1117,268.38629713956715,268.38629713956715,0.0,9.72627305984497
single_small,40,0.5,1.7,1.7,80,1118,263.28044391732726,263.28044391732726,0.0,13.202510833740234
single_small,40,0.5,1.7,1.7,80,1119,268.31765521528126,268.31765521528126,0.0,10.628216981887817
single_small,40,0.5,1.7,1.7,150,1120,263.3133915097035,263.3133915097035,0.0,18.84303903579712
single_small,40,0.5,1.7,1.7,150,1121,267.2655971479501,267.2655971479501,0.0,19.060109853744507
single_small,40,0.5,1.7,1.7,150,1122,266.37348873963435,266.37348873963435,0.0,19.3159339427948
single_small,40,0.5,1.7,1.7,250,1123,265.2838965557702,265.2838965557702,0.0,30.851386070251465
single_small,40,0.5,1.7,1.7,250,1124,263.4966645019972,263.4966645019972,0.0,735.5627057552338
single_small,40,0.5,1.7,1.7,250,1125,264.4604554865424,264.4604554865424,0.0,29.522199153900146
single_small,40,0.5,2.2,2.2,80,1126,271.6860572843516,271.6860572843516,0.0,12.582669734954834
single_small,40,0.5,2.2,2.2,80,1127,267.04896845045386,267.04896845045386,0.0,9.399119853973389
single_small,40,0.5,2.2,2.2,80,1128,273.57418339236517,273.57418339236517,0.0,9.463588953018188
single_small,40,0.5,2.2,2.2,150,1129,267.23152845373255,267.23152845373255,0.0,18.05230212211609
single_small,40,0.5,2.2,2.2,150,1130,281.83148951278577,281.83148951278577,0.0,18.55282974243164
single_small,40,0.5,2.2,2.2,150,1131,276.33871499176274,276.33871499176274,0.0,31.217620849609375
single_small,40,0.5,2.2,2.2,250,1132,270.0256252684442,270.0256252684442,0.0,34.140668869018555
single_small,40,0.5,2.2,2.2,250,1133,268.7346648868826,268.7346648868826,0.0,31.155576944351196
single_small,40,0.5,2.2,2.2,250,1134,268.2060959018037,268.2060959018037,0.0,35.298075914382935
single_small,40,0.8,1.2,1.2,80,1135,266.7393682025149,266.7393682025149,0.0,9.776987791061401
single_small,40,0.8,1.2,1.2,80,1136,268.24913166458833,268.24913166458833,0.0,9.357754945755005
single_small,40,0.8,1.2,1.2,80,1137,264.6652856521219,264.6652856521219,0.0,9.416531801223755
single_small,40,0.8,1.2,1.2,150,1138,266.0258508310276,266.0258508310276,0.0,17.2272469997406
single_small,40,0.8,1.2,1.2,150,1139,263.24848807856154,263.24848807856154,0.0,17.912538766860962
single_small,40,0.8,1.2,1.2,150,1140,262.3949066978843,262.3949066978843,0.0,18.321873903274536
single_small,40,0.8,1.2,1.2,250,1141,266.18268204369747,266.18268204369747,0.0,29.521739959716797
single_small,40,0.8,1.2,1.2,250,1142,263.5502796155523,263.5502796155523,0.0,28.894426822662354
single_small,40,0.8,1.2,1.2,250,1143,265.0741814170385,265.0741814170385,0.0,30.14694571495056
single_small,40,0.8,1.7,1.7,80,1144,266.8523816077011,266.8523816077011,0.0,9.467213153839111
single_small,40,0.8,1.7,1.7,80,1145,268.15172099384546,268.15172099384546,0.0,9.296234846115112
single_small,40,0.8,1.7,1.7,80,1146,285.98719673197627,285.98719673197627,0.0,15.477874994277954
single_small,40,0.8,1.7,1.7,150,1147,271.7200929277649,271.7200929277649,0.0,17.41771388053894
single_small,40,0.8,1.7,1.7,150,1148,279.2174891996706,279.2174891996706,0.0,28.305912971496582
single_small,40,0.8,1.7,1.7,150,1149,280.395381504159,280.395381504159,0.0,17.509906768798828
single_small,40,0.8,1.7,1.7,250,1150,264.08595414767757,264.08595414767757,0.0,29.684836864471436
single_small,40,0.8,1.7,1.7,250,1151,265.16412117620916,265.16412117620916,0.0,30.789266347885132
single_small,40,0.8,1.7,1.7,250,1152,263.32324774462177,263.32324774462177,0.0,29.909942865371704
single_small,40,0.8,2.2,2.2,80,1153,271.0857142857143,271.0857142857143,0.0,8.946557760238647
single_small,40,0.8,2.2,2.2,80,1154,298.998585572843,298.998585572843,0.0,12.396025896072388
single_small,40,0.8,2.2,2.2,80,1155,274.71469194312795,274.71469194312795,0.0,13.350669860839844
single_small,40,0.8,2.2,2.2,150,1156,271.5826086956522,271.5826086956522,0.0,17.116150856018066
single_small,40,0.8,2.2,2.2,150,1157,272.99909502262443,272.99909502262443,0.0,17.59156823158264
single_small,40,0.8,2.2,2.2,150,1158,286.66091800224,286.66091800224,0.0,18.490198135375977
single_small,40,0.8,2.2,2.2,250,1159,268.8341739916208,268.8341739916208,0.0,29.901443243026733
single_small,40,0.8,2.2,2.2,250,1160,264.21568251941693,264.21568251941693,0.0,28.721068859100342
single_small,40,0.8,2.2,2.2,250,1161,272.99909502262443,272.99909502262443,0.0,27.97564387321472
single_small,80,0.3,1.2,1.2,80,1162,260.07110380548704,260.07110380548704,0.0,24.266233921051025
single_small,80,0.3,1.2,1.2,80,1163,258.8552540038683,258.8552540038683,0.0,19.53891396522522
single_small,80,0.3,1.2,1.2,80,1164,259.5834904878437,259.5834904878437,0.0,19.141955852508545
single_small,80,0.3,1.2,1.2,150,1165,258.51214690320563,258.51214690320563,0.0,37.369080781936646
single_small,80,0.3,1.2,1.2,150,1166,258.7223157080092,258.7223157080092,0.0,44.257081747055054
single_small,80,0.3,1.2,1.2,150,1167,258.51581341177854,258.51581341177854,0.0,35.594759941101074
single_small,80,0.3,1.2,1.2,250,1168,258.450957240971,258.450957240971,0.0,61.92391800880432
single_small,80,0.3,1.2,1.2,250,1169,258.349658502818,258.349658502818,0.0,61.60782480239868
single_small,80,0.3,1.2,1.2,250,1170,258.59719133146604,258.59719133146604,0.0,61.42397499084473
single_small,80,0.3,1.7,1.7,80,1171,260.383119935311,260.383119935311,0.0,20.01251792907715
single_small,80,0.3,1.7,1.7,80,1172,260.1295327450799,260.1295327450799,0.0,20.717978715896606
single_small,80,0.3,1.7,1.7,80,1173,261.4574531382863,261.4574531382863,0.0,20.24875497817993
single_small,80,0.3,1.7,1.7,150,1174,259.96206674172777,259.96206674172777,0.0,37.31343698501587
single_small,80,0.3,1.7,1.7,150,1175,262.82001738477607,262.82001738477607,0.0,36.7518892288208
single_small,80,0.3,1.7,1.7,150,1176,261.05281372052445,261.05281372052445,0.0,36.71765494346619
single_small,80,0.3,1.7,1.7,250,1177,259.0630410186446,259.0630410186446,0.0,63.24873995780945
single_small,80,0.3,1.7,1.7,250,1178,259.70072545415013,259.70072545415013,0.0,61.95927596092224
single_small,80,0.3,1.7,1.7,250,1179,259.57996555251,259.57996555251,0.0,62.24703884124756
single_small,80,0.3,2.2,2.2,80,1180,260.8641137369284,260.8641137369284,0.0,20.51827311515808
single_small,80,0.3,2.2,2.2,80,1181,265.60528885883855,265.60528885883855,0.0,20.781694173812866
single_small,80,0.3,2.2,2.2,80,1182,288.5942350977481,288.5942350977481,0.0,33.4091899394989
single_small,80,0.3,2.2,2.2,150,1183,263.4367055466484,263.4367055466484,0.0,38.766144037246704
single_small,80,0.3,2.2,2.2,150,1184,262.6236427773962,262.6236427773962,0.0,38.45080494880676
single_small,80,0.3,2.2,2.2,150,1185,264.2576949462195,264.2576949462195,0.0,37.57275986671448
single_small,80,0.3,2.2,2.2,250,1186,260.59716314432455,260.59716314432455,0.0,62.69032001495361
single_small,80,0.3,2.2,2.2,250,1187,262.93258618922334,262.93258618922334,0.0,62.495108127593994
single_small,80,0.3,2.2,2.2,250,1188,267.18701975422925,267.18701975422925,0.0,63.537148237228394
single_small,80,0.5,1.2,1.2,80,1189,262.4239697242236,262.4239697242236,0.0,19.61236572265625
single_small,80,0.5,1.2,1.2,80,1190,260.1147467428725,260.1147467428725,0.0,19.150192975997925
single_small,80,0.5,1.2,1.2,80,1191,260.7741581423058,260.7741581423058,0.0,26.5189688205719
single_small,80,0.5,1.2,1.2,150,1192,259.5755833634554,259.5755833634554,0.0,36.60050392150879
single_small,80,0.5,1.2,1.2,150,1193,259.84189508085484,259.84189508085484,0.0,35.84621620178223
single_small,80,0.5,1.2,1.2,150,1194,259.36296432750333,259.36296432750333,0.0,35.446937084198
single_small,80,0.5,1.2,1.2,250,1195,259.0621614248237,259.0621614248237,0.0,60.46614217758179
single_small,80,0.5,1.2,1.2,250,1196,258.7811429691391,258.7811429691391,0.0,60.741416215896606
single_small,80,0.5,1.2,1.2,250,1197,259.7219681726724,259.7219681726724,0.0,60.91189193725586
single_small,80,0.5,1.7,1.7,80,1198,263.51743881376393,263.51743881376393,0.0,19.679164171218872
single_small,80,0.5,1.7,1.7,80,1199,265.66344365218845,265.66344365218845,0.0,19.65377688407898
single_small,80,0.5,1.7,1.7,80,1200,263.30754295905774,263.30754295905774,0.0,19.842753887176514
single_small,80,0.5,1.7,1.7,150,1201,267.0352975661014,267.0352975661014,0.0,36.43884205818176
single_small,80,0.5,1.7,1.7,150,1202,262.6594619277154,262.6594619277154,0.0,36.33975076675415
single_small,80,0.5,1.7,1.7,150,1203,264.1970705956167,264.1970705956167,0.0,38.36943697929382
single_small,80,0.5,1.7,1.7,250,1204,264.6644888082275,264.6644888082275,0.0,62.08467507362366
single_small,80,0.5,1.7,1.7,250,1205,263.69851391241247,263.69851391241247,0.0,60.607239961624146
single_small,80,0.5,1.7,1.7,250,1206,262.98170436170966,262.98170436170966,0.0,61.16917896270752
single_small,80,0.5,2.2,2.2,80,1207,266.1912813513627,266.1912813513627,0.0,19.982544898986816
single_small,80,0.5,2.2,2.2,80,1208,266.8473014189492,266.8473014189492,0.0,19.434525966644287
single_small,80,0.5,2.2,2.2,80,1209,264.97378000764957,264.97378000764957,0.0,20.979433059692383
single_small,80,0.5,2.2,2.2,150,1210,266.7634558244973,266.7634558244973,0.0,37.3689022064209
single_small,80,0.5,2.2,2.2,150,1211,266.8990821966432,266.8990821966432,0.0,42.56439781188965
single_small,80,0.5,2.2,2.2,150,1212,268.2803331689886,268.2803331689886,0.0,36.77090406417847
single_small,80,0.5,2.2,2.2,250,1213,263.78824984539267,263.78824984539267,0.0,59.69441509246826
single_small,80,0.5,2.2,2.2,250,1214,265.1879287205819,265.1879287205819,0.0,59.80808186531067
single_small,80,0.5,2.2,2.2,250,1215,265.7386851707842,265.7386851707842,0.0,60.642828941345215
single_small,80,0.8,1.2,1.2,80,1216,264.77154345808844,264.77154345808844,0.0,20.301160097122192
single_small,80,0.8,1.2,1.2,80,1217,263.7962417471746,263.7962417471746,0.0,18.395936012268066
single_small,80,0.8,1.2,1.2,80,1218,269.94862498712536,269.94862498712536,0.0,25.61466693878174
single_small,80,0.8,1.2,1.2,150,1219,269.28203193853113,269.28203193853113,0.0,35.06111526489258
single_small,80,0.8,1.2,1.2,150,1220,262.34481302042826,262.34481302042826,0.0,35.8444881439209
single_small,80,0.8,1.2,1.2,150,1221,265.9379948205697,265.9379948205697,0.0,36.29745697975159
single_small,80,0.8,1.2,1.2,250,1222,261.0195975968232,261.0195975968232,0.0,59.08974313735962
single_small,80,0.8,1.2,1.2,250,1223,263.9039230619894,263.9039230619894,0.0,63.04794120788574
single_small,80,0.8,1.2,1.2,250,1224,265.2564245683298,265.2564245683298,0.0,60.880311012268066
single_small,80,0.8,1.7,1.7,80,1225,271.81179825343077,271.81179825343077,0.0,18.637487173080444
single_small,80,0.8,1.7,1.7,80,1226,273.1086232980333,273.1086232980333,0.0,25.095510721206665
single_small,80,0.8,1.7,1.7,80,1227,269.2400311250051,269.2400311250051,0.0,19.164283752441406
single_small,80,0.8,1.7,1.7,150,1228,263.4100708160709,263.4100708160709,0.0,35.54018521308899
single_small,80,0.8,1.7,1.7,150,1229,268.58974115044975,268.58974115044975,0.0,35.779642820358276
single_small,80,0.8,1.7,1.7,150,1230,264.56114937652796,264.56114937652796,0.0,36.22595524787903
single_small,80,0.8,1.7,1.7,250,1231,265.33472009788926,265.33472009788926,0.0,60.065152168273926
single_small,80,0.8,1.7,1.7,250,1232,265.1869829790987,265.1869829790987,0.0,61.72743201255798
single_small,80,0.8,1.7,1.7,250,1233,264.72485394390816,264.72485394390816,0.0,59.14112687110901
single_small,80,0.8,2.2,2.2,80,1234,269.1831691243638,269.1831691243638,0.0,18.91052484512329
single_small,80,0.8,2.2,2.2,80,1235,262.74780011554736,262.74780011554736,0.0,18.822957038879395
single_small,80,0.8,2.2,2.2,80,1236,266.94706167289917,266.94706167289917,0.0,19.49155306816101
single_small,80,0.8,2.2,2.2,150,1237,265.73788255257256,265.73788255257256,0.0,35.45235013961792
single_small,80,0.8,2.2,2.2,150,1238,267.0021049095865,267.0021049095865,0.0,36.0611789226532
single_small,80,0.8,2.2,2.2,150,1239,269.35154214085435,269.35154214085435,0.0,34.499920129776
single_small,80,0.8,2.2,2.2,250,1240,267.59164270653633,267.59164270653633,0.0,59.704957008361816
single_small,80,0.8,2.2,2.2,250,1241,267.49703243616284,267.49703243616284,0.0,956.59974193573
single_small,80,0.8,2.2,2.2,250,1242,270.48671931083993,270.48671931083993,0.0,963.415454864502
single_large,20,0.3,1.2,1.2,80,1243,350.68176760342914,307.11876760342915,43.563,11.795006036758423
single_large,20,0.3,1.2,1.2,80,1244,467.41602002319945,296.68702002319947,170.72899999999998,12.1715669631958
single_large,20,0.3,1.2,1.2,80,1245,286.9309112837994,286.9309112837994,0.0,10.30024766921997
single_large,20,0.3,1.2,1.2,150,1246,592.5834372080215,291.77040673830567,300.8130304697157,34.082053899765015
single_large,20,0.3,1.2,1.2,150,1247,292.55098143217174,292.55098143217174,0.0,33.113707065582275
single_large,20,0.3,1.2,1.2,150,1248,605.6376801980118,293.6746778925317,311.96300230548013,32.84113788604736
single_large,20,0.3,1.2,1.2,250,1249,350.6560355489524,308.3670355489524,42.289,34.48736882209778
single_large,20,0.3,1.2,1.2,250,1250,292.85804246080465,292.85804246080465,0.0,52.98187279701233
single_large,20,0.3,1.2,1.2,250,1251,269.0192755474975,269.0192755474975,0.0,27.806370735168457
single_large,20,0.3,1.7,1.7,80,1252,283.2578034332913,283.2578034332913,0.0,11.366769075393677
single_large,20,0.3,1.7,1.7,80,1253,267.7593833246824,267.7593833246824,0.0,9.416347742080688
single_large,20,0.3,1.7,1.7,80,1254,288.9873053274899,287.9673053274899,1.02,9.996454000473022
single_large,20,0.3,1.7,1.7,150,1255,568.4858067278382,303.91765896625037,264.5681477615878,32.49870705604553
single_large,20,0.3,1.7,1.7,150,1256,289.2786596978707,289.2786596978707,0.0,19.577996969223022
single_large,20,0.3,1.7,1.7,150,1257,685.4657626747016,293.5005129381275,391.96524973657415,33.94873595237732
single_large,20,0.3,1.7,1.7,250,1258,514.7622490430015,289.8629096018386,224.89933944116288,57.02948975563049
single_large,20,0.3,1.7,1.7,250,1259,297.12994350282486,297.12994350282486,0.0,37.9228298664093
single_large,20,0.3,1.7,1.7,250,1260,282.43307956411405,282.43307956411405,0.0,36.197304010391235
single_large,20,0.3,2.2,2.2,80,1261,278.53456633617566,278.53456633617566,0.0,9.71586799621582
single_large,20,0.3,2.2,2.2,80,1262,311.785765788108,311.785765788108,0.0,11.266484022140503
single_large,20,0.3,2.2,2.2,80,1263,288.8037852258075,288.8037852258075,0.0,16.40251398086548
single_large,20,0.3,2.2,2.2,150,1264,576.997096243076,287.7695557260968,289.2275405169792,32.71350026130676
single_large,20,0.3,2.2,2.2,150,1265,660.8828785929197,298.0002903586087,362.8825882343111,33.58541798591614
single_large,20,0.3,2.2,2.2,150,1266,275.0369858601755,275.0369858601755,0.0,23.22586703300476
single_large,20,0.3,2.2,2.2,250,1267,589.068,316.79999999999995,272.26800000000003,52.866506814956665
single_large,20,0.3,2.2,2.2,250,1268,374.61433088282945,292.9267539343747,81.68757694845475,53.39425277709961
single_large,20,0.3,2.2,2.2,250,1269,587.9728392002257,301.00290132491483,286.96993787531096,56.52331304550171
single_large,20,0.5,1.2,1.2,80,1270,534.8145855908205,298.0150116166575,236.799573974163,18.0331027507782
single_large,20,0.5,1.2,1.2,80,1271,431.87718201751323,287.3156120037442,144.56157001376903,16.264355182647705
single_large,20,0.5,1.2,1.2,80,1272,638.7812003340584,283.21767201343766,355.5635283206208,18.760252237319946
single_large,20,0.5,1.2,1.2,150,1273,288.42679003584453,288.42679003584453,0.0,23.64046597480774
single_large,20,0.5,1.2,1.2,150,1274,455.6077321869699,302.4554590319505,153.15227315501937,36.46423387527466
single_large,20,0.5,1.2,1.2,150,1275,278.0536782485547,278.0536782485547,0.0,17.367353200912476
single_large,20,0.5,1.2,1.2,250,1276,264.54972559699604,264.54972559699604,0.0,29.91844606399536
single_large,20,0.5,1.2,1.2,250,1277,418.74689749866207,292.7911728689987,125.9557246296634,58.62368822097778
single_large,20,0.5,1.2,1.2,250,1278,268.93338646237817,268.93338646237817,0.0,929.1279881000519
single_large,20,0.5,1.7,1.7,80,1279,282.2114893981336,282.2114893981336,0.0,10.533922672271729
single_large,20,0.5,1.7,1.7,80,1280,399.0163739131727,283.40143020999125,115.61494370318144,17.095778703689575
single_large,20,0.5,1.7,1.7,80,1281,602.9800748432909,299.3332112283106,303.64686361498036,914.9111678600311
single_large,20,0.5,1.7,1.7,150,1282,373.54098611040206,290.5068311633389,83.03415494706314,31.133292198181152
single_large,20,0.5,1.7,1.7,150,1283,319.82441932248,293.87641932248005,25.948,930.1527328491211
single_large,20,0.5,1.7,1.7,150,1284,390.3172108411865,291.79229307863545,98.52491776255107,32.68997406959534
single_large,20,0.5,1.7,1.7,250,1285,287.6788093663604,287.6788093663604,0.0,947.6925418376923
single_large,20,0.5,1.7,1.7,250,1286,323.5029733609207,298.5819733609207,24.921,29.32320499420166
single_large,20,0.5,1.7,1.7,250,1287,642.6916523528041,297.613601815393,345.0780505374112,229.3513960838318
single_large,20,0.5,2.2,2.2,80,1288,294.57169667580104,294.57169667580104,0.0,1022.6954829692841
single_large,20,0.5,2.2,2.2,80,1289,534.7983953002731,290.52813183781075,244.2702634624623,19.082453727722168
single_large,20,0.5,2.2,2.2,80,1290,299.555737834214,299.555737834214,0.0,10.2834312915802
single_large,20,0.5,2.2,2.2,150,1291,561.8622287448384,297.1323706508357,264.7298580940026,947.9404151439667
single_large,20,0.5,2.2,2.2,150,1292,284.6978082266561,284.6978082266561,0.0,17.298439979553223
single_large,20,0.5,2.2,2.2,150,1293,293.4286112308866,293.4286112308866,0.0,1035.2906279563904
single_large,20,0.5,2.2,2.2,250,1294,362.0701813254355,282.2530982460744,79.8170830793611,572.1459670066833
single_large,20,0.5,2.2,2.2,250,1295,293.72320677140476,293.72320677140476,0.0,997.3662383556366
single_large,20,0.5,2.2,2.2,250,1296,270.49960901960094,270.49960901960094,0.0,28.182105779647827
single_large,20,0.8,1.2,1.2,80,1297,293.7395017793594,293.7395017793594,0.0,10.300493001937866
single_large,20,0.8,1.2,1.2,80,1298,522.7000715937054,297.52139780617506,225.17867378753039,932.5629241466522
single_large,20,0.8,1.2,1.2,80,1299,598.787696701128,289.7292696695544,309.0584270315735,17.768319129943848
single_large,20,0.8,1.2,1.2,150,1300,578.3885230336734,292.0179925052223,286.3705305284512,934.987774848938
single_large,20,0.8,1.2,1.2,150,1301,556.069152427297,297.2644127430892,258.80473968420773,31.766937971115112
single_large,20,0.8,1.2,1.2,150,1302,275.0165605095541,275.0165605095541,0.0,704.5331392288208
single_large,20,0.8,1.2,1.2,250,1303,297.12994350282486,297.12994350282486,0.0,39.45766878128052
single_large,20,0.8,1.2,1.2,250,1304,294.35741911268883,294.35741911268883,0.0,1091.2141120433807
single_large,20,0.8,1.2,1.2,250,1305,486.51057354647367,290.247028668704,196.26354487776965,52.295040130615234
single_large,20,0.8,1.7,1.7,80,1306,581.0269967312736,302.11600681740737,278.9109899138663,17.141239166259766
single_large,20,0.8,1.7,1.7,80,1307,297.75390781563124,297.75390781563124,0.0,10.343768119812012
single_large,20,0.8,1.7,1.7,80,1308,290.1333333333333,290.1333333333333,0.0,10.079801082611084
single_large,20,0.8,1.7,1.7,150,1309,299.59452487081376,299.59452487081376,0.0,980.6384208202362
single_large,20,0.8,1.7,1.7,150,1310,574.2086890942485,297.5941085214009,276.6145805728476,32.69334316253662
single_large,20,0.8,1.7,1.7,150,1311,607.746700749087,296.3547522324333,311.39194851665377,966.574273109436
single_large,20,0.8,1.7,1.7,250,1312,288.64653651281577,288.64653651281577,0.0,27.9553279876709
single_large,20,0.8,1.7,1.7,250,1313,421.94399999999996,316.79999999999995,105.144,470.67364978790283
single_large,20,0.8,1.7,1.7,250,1314,529.8861976114815,284.8686379705413,245.01755964094022,1905.2011489868164
single_large,20,0.8,2.2,2.2,80,1315,573.2378097520625,299.704048803985,273.53376094807743,16.093294143676758
single_large,20,0.8,2.2,2.2,80,1316,287.55637814235143,287.55637814235143,0.0,8.892010688781738
single_large,20,0.8,2.2,2.2,80,1317,297.35563942464023,297.35563942464023,0.0,8.570354223251343
single_large,20,0.8,2.2,2.2,150,1318,488.65313119907387,303.2876142563596,185.3655169427143,979.1632170677185
single_large,20,0.8,2.2,2.2,150,1319,346.25815070620985,282.3645911102368,63.89355959597303,700.1037249565125
single_large,20,0.8,2.2,2.2,150,1320,578.2840601503759,324.8240601503759,253.46,29.906084060668945
single_large,20,0.8,2.2,2.2,250,1321,274.9766797484135,274.9766797484135,0.0,285.41273069381714
single_large,20,0.8,2.2,2.2,250,1322,273.16363636363633,273.16363636363633,0.0,74.36598563194275
single_large,20,0.8,2.2,2.2,250,1323,610.1726105420657,285.81321926953154,324.35939127253414,56.18872904777527
single_large,40,0.3,1.2,1.2,80,1324,600.2199879283501,293.4509244436243,306.76906348472585,34.98901104927063
single_large,40,0.3,1.2,1.2,80,1325,362.61634091208043,279.28021187608124,83.3361290359992,33.51567625999451
single_large,40,0.3,1.2,1.2,80,1326,286.6170485707154,286.6170485707154,0.0,34.23197102546692
single_large,40,0.3,1.2,1.2,150,1327,367.2587293717722,289.1792074521052,78.07952191966699,64.10267496109009
single_large,40,0.3,1.2,1.2,150,1328,274.14023542752415,274.06023542752416,0.08,38.77385687828064
single_large,40,0.3,1.2,1.2,150,1329,259.9669084525501,259.9669084525501,0.0,36.17591094970703
single_large,40,0.3,1.2,1.2,250,1330,494.0895160751446,291.563817649063,202.52569842608162,1342.082319021225
single_large,40,0.3,1.2,1.2,250,1331,396.6411733301813,310.0091733301813,86.63199999999999,65.61389803886414
single_large,40,0.3,1.2,1.2,250,1332,362.654950970311,286.3131323115916,76.34181865871945,110.44833707809448
single_large,40,0.3,1.7,1.7,80,1333,286.661099192626,286.661099192626,0.0,23.397686004638672
single_large,40,0.3,1.7,1.7,80,1334,273.98130961672484,273.98130961672484,0.0,21.17917799949646
single_large,40,0.3,1.7,1.7,80,1335,614.8825091899616,293.15969695212635,321.7228122378353,338.23049092292786
single_large,40,0.3,1.7,1.7,150,1336,276.26435556517896,276.26435556517896,0.0,832.6142678260803
single_large,40,0.3,1.7,1.7,150,1337,390.2911197832338,291.35230732072097,98.93881246251283,62.8556649684906
single_large,40,0.3,1.7,1.7,150,1338,573.2176861996179,289.83795665040174,283.3797295492161,71.99719595909119
single_large,40,0.3,1.7,1.7,250,1339,450.21936752220597,286.9701340077443,163.24923351446168,116.43462109565735
single_large,40,0.3,1.7,1.7,250,1340,399.1883095208238,313.3883095208238,85.8,75.0348072052002
single_large,40,0.3,1.7,1.7,250,1341,660.8970145092585,293.80531041509533,367.09170409416316,123.87492108345032
single_large,40,0.3,2.2,2.2,80,1342,550.1518971041944,292.92534810859144,257.226548995603,34.931732177734375
single_large,40,0.3,2.2,2.2,80,1343,376.5413774687329,294.4434981447537,82.09787932397923,35.555991888046265
single_large,40,0.3,2.2,2.2,80,1344,383.75147019966016,285.2937091976562,98.45776100200396,35.027870178222656
single_large,40,0.3,2.2,2.2,150,1345,535.9692189118,291.2489546946341,244.72026421716583,69.13454484939575
single_large,40,0.3,2.2,2.2,150,1346,285.0700290370681,285.0700290370681,0.0,39.38404893875122
single_large,40,0.3,2.2,2.2,150,1347,274.5969670626871,274.5969670626871,0.0,36.14659094810486
single_large,40,0.3,2.2,2.2,250,1348,264.1288406060161,264.1288406060161,0.0,61.246487855911255
single_large,40,0.3,2.2,2.2,250,1349,575.5803088531161,294.8258691633269,280.75443968978925,115.5124020576477
single_large,40,0.3,2.2,2.2,250,1350,286.9755859398943,286.9755859398943,0.0,115.26358771324158
single_large,40,0.5,1.2,1.2,80,1351,271.3758797579185,265.7558797579185,5.620000000000001,22.884419202804565
single_large,40,0.5,1.2,1.2,80,1352,605.8720627591915,290.23651169573475,315.63555106345683,37.32226777076721
single_large,40,0.5,1.2,1.2,80,1353,296.6301984983168,296.6301984983168,0.0,35.38737416267395
single_large,40,0.5,1.2,1.2,150,1354,264.82718000882863,264.82718000882863,0.0,43.69614887237549
single_large,40,0.5,1.2,1.2,150,1355,275.635149236651,275.635149236651,0.0,38.57708692550659
single_large,40,0.5,1.2,1.2,150,1356,546.8614698360052,305.650209063722,241.21126077228325,67.30904912948608
single_large,40,0.5,1.2,1.2,250,1357,518.443251318641,296.1811457314666,222.2621055871745,119.17288398742676
single_large,40,0.5,1.2,1.2,250,1358,270.67880276702795,270.67880276702795,0.0,63.62685585021973
single_large,40,0.5,1.2,1.2,250,1359,487.17553235839483,284.1595323583948,203.01600000000002,113.61597418785095
single_large,40,0.5,1.7,1.7,80,1360,290.02254634823953,290.02254634823953,0.0,23.460839986801147
single_large,40,0.5,1.7,1.7,80,1361,281.2526666769103,281.2526666769103,0.0,21.853335857391357
single_large,40,0.5,1.7,1.7,80,1362,287.22326167752374,287.22326167752374,0.0,34.09265494346619
single_large,40,0.5,1.7,1.7,150,1363,272.5904846440508,272.5904846440508,0.0,37.38221883773804
single_large,40,0.5,1.7,1.7,150,1364,427.5813025650173,299.3142813073656,128.26702125765172,66.28273391723633
single_large,40,0.5,1.7,1.7,150,1365,288.81535466892853,288.81535466892853,0.0,39.12388300895691
single_large,40,0.5,1.7,1.7,250,1366,574.9203152250294,304.11767931364443,270.802635911385,119.46831631660461
single_large,40,0.5,1.7,1.7,250,1367,269.65073305519957,269.65073305519957,0.0,59.96126413345337
single_large,40,0.5,1.7,1.7,250,1368,270.67622016265665,270.67622016265665,0.0,59.26575422286987
single_large,40,0.5,2.2,2.2,80,1369,275.99423668150325,275.99423668150325,0.0,19.375428676605225
single_large,40,0.5,2.2,2.2,80,1370,272.89888702846446,272.89888702846446,0.0,29.33604097366333
single_large,40,0.5,2.2,2.2,80,1371,296.47758542384236,296.47758542384236,0.0,35.334675788879395
single_large,40,0.5,2.2,2.2,150,1372,403.5684836068767,289.8702993230106,113.69818428386608,64.98456501960754
single_large,40,0.5,2.2,2.2,150,1373,294.0824427480916,294.0824427480916,0.0,37.75575518608093
single_large,40,0.5,2.2,2.2,150,1374,275.2,275.2,0.0,94.56810021400452
single_large,40,0.5,2.2,2.2,250,1375,449.7214102521978,283.698401097042,166.02300915515582,118.05580806732178
single_large,40,0.5,2.2,2.2,250,1376,404.12592238627116,290.6510457765648,113.47487660970636,114.96460700035095
single_large,40,0.5,2.2,2.2,250,1377,564.9751847143168,289.90376427258536,275.07142044173145,115.82891011238098
single_large,40,0.8,1.2,1.2,80,1378,356.157215168283,287.06033161829487,69.09688354998814,33.84487581253052
single_large,40,0.8,1.2,1.2,80,1379,288.0,288.0,0.0,21.20028805732727
single_large,40,0.8,1.2,1.2,80,1380,290.2748673533513,290.2748673533513,0.0,34.831417083740234
single_large,40,0.8,1.2,1.2,150,1381,456.82399999999996,316.79999999999995,140.024,63.952499866485596
single_large,40,0.8,1.2,1.2,150,1382,288.16436597110754,288.16436597110754,0.0,35.46250295639038
single_large,40,0.8,1.2,1.2,150,1383,294.35395683453237,294.35395683453237,0.0,40.962432861328125
single_large,40,0.8,1.2,1.2,250,1384,349.9355290403647,285.55787060576034,64.3776584346044,105.80761289596558
single_large,40,0.8,1.2,1.2,250,1385,288.07646356033456,288.07646356033456,0.0,87.73649597167969
single_large,40,0.8,1.2,1.2,250,1386,281.7438202247191,281.7438202247191,0.0,80.17517709732056
single_large,40,0.8,1.7,1.7,80,1387,294.7884393063584,294.7884393063584,0.0,19.45307493209839
single_large,40,0.8,1.7,1.7,80,1388,300.54826520096185,300.54826520096185,0.0,19.94360899925232
single_large,40,0.8,1.7,1.7,80,1389,617.5853515496424,300.6030341038681,316.98231744577424,38.90709686279297
single_large,40,0.8,1.7,1.7,150,1390,287.1077426565663,287.1077426565663,0.0,67.08598828315735
single_large,40,0.8,1.7,1.7,150,1391,292.6464223385689,292.6464223385689,0.0,39.78002905845642
single_large,40,0.8,1.7,1.7,150,1392,528.3178731820567,299.45650289304496,228.8613702890117,67.54384112358093
single_large,40,0.8,1.7,1.7,250,1393,367.68484217593334,300.07096394914265,67.61387822679069,110.29745507240295
single_large,40,0.8,1.7,1.7,250,1394,273.21881638846736,273.21881638846736,0.0,55.67148518562317
single_large,40,0.8,1.7,1.7,250,1395,273.1086232980333,273.1086232980333,0.0,57.77859306335449
single_large,40,0.8,2.2,2.2,80,1396,283.0483783594877,283.0483783594877,0.0,19.515056133270264
single_large,40,0.8,2.2,2.2,80,1397,316.79999999999995,316.79999999999995,0.0,22.437148094177246
single_large,40,0.8,2.2,2.2,80,1398,588.4485844348349,289.26243790021186,299.18614653462305,37.07245707511902
single_large,40,0.8,2.2,2.2,150,1399,361.65052411279913,289.7116236849522,71.93890042784695,63.476080894470215
single_large,40,0.8,2.2,2.2,150,1400,292.6139534883721,292.6139534883721,0.0,33.46607708930969
single_large,40,0.8,2.2,2.2,150,1401,303.6489028213166,303.6489028213166,0.0,35.349417209625244
single_large,40,0.8,2.2,2.2,250,1402,297.0636534839924,297.0636534839924,0.0,55.225805044174194
single_large,40,0.8,2.2,2.2,250,1403,299.6422944297987,299.6422944297987,0.0,115.24337577819824
single_large,40,0.8,2.2,2.2,250,1404,300.1860465116279,300.1860465116279,0.0,56.86975717544556
single_large,80,0.3,1.2,1.2,80,1405,296.871296673681,296.871296673681,0.0,71.17962598800659
single_large,80,0.3,1.2,1.2,80,1406,526.8525475791762,298.0485134500212,228.804034129155,74.08323693275452
single_large,80,0.3,1.2,1.2,80,1407,268.565826934133,268.565826934133,0.0,43.656378984451294
single_large,80,0.3,1.2,1.2,150,1408,263.90588562241277,263.90588562241277,0.0,102.46712493896484
single_large,80,0.3,1.2,1.2,150,1409,454.5139698018758,297.7071976897009,156.80677211217494,132.75472903251648
single_large,80,0.3,1.2,1.2,150,1410,300.94781379152727,300.94781379152727,0.0,133.3241889476776
single_large,80,0.3,1.2,1.2,250,1411,516.727837416029,296.7080757228966,220.01976169313247,228.00441074371338
single_large,80,0.3,1.2,1.2,250,1412,296.30321206408723,296.30321206408723,0.0,220.17613625526428
single_large,80,0.3,1.2,1.2,250,1413,260.1372173713033,260.1372173713033,0.0,127.29907178878784
single_large,80,0.3,1.7,1.7,80,1414,376.83638204424153,282.9888927845849,93.84748925965667,69.99453806877136
single_large,80,0.3,1.7,1.7,80,1415,402.0517081893537,286.9795588636822,115.07214932567152,71.32526707649231
single_large,80,0.3,1.7,1.7,80,1416,279.61011863960744,279.61011863960744,0.0,43.98254179954529
single_large,80,0.3,1.7,1.7,150,1417,269.0895493257847,269.0895493257847,0.0,95.5525267124176
single_large,80,0.3,1.7,1.7,150,1418,268.5327855002954,265.9127855002954,2.62,80.45924520492554
single_large,80,0.3,1.7,1.7,150,1419,270.88775526941686,270.88775526941686,0.0,110.82861995697021
single_large,80,0.3,1.7,1.7,250,1420,317.838694235589,302.277694235589,15.561,143.48559403419495
single_large,80,0.3,1.7,1.7,250,1421,270.3787793196611,270.3787793196611,0.0,206.1304759979248
single_large,80,0.3,1.7,1.7,250,1422,263.0873740389201,263.0873740389201,0.0,125.66926121711731
single_large,80,0.3,2.2,2.2,80,1423,292.7447545143842,292.7447545143842,0.0,49.088561058044434
single_large,80,0.3,2.2,2.2,80,1424,269.7757965267332,269.7757965267332,0.0,44.7974739074707
single_large,80,0.3,2.2,2.2,80,1425,461.81667480227753,295.0858652700206,166.73080953225696,75.47119402885437
single_large,80,0.3,2.2,2.2,150,1426,282.72254944304444,282.72254944304444,0.0,78.62038803100586
single_large,80,0.3,2.2,2.2,150,1427,267.68479560465687,267.68479560465687,0.0,78.81917595863342
single_large,80,0.3,2.2,2.2,150,1428,371.2938286506982,288.04694878848676,83.24687986221143,128.1545238494873
single_large,80,0.3,2.2,2.2,250,1429,282.527935997516,282.527935997516,0.0,122.7482979297638
single_large,80,0.3,2.2,2.2,250,1430,279.1895595930255,279.1895595930255,0.0,120.73532819747925
single_large,80,0.3,2.2,2.2,250,1431,456.42255120128925,296.25866059111297,160.16389061017628,224.72355318069458
single_large,80,0.5,1.2,1.2,80,1432,263.0021399743853,263.0021399743853,0.0,67.88116097450256
single_large,80,0.5,1.2,1.2,80,1433,261.23745727956253,261.23745727956253,0.0,46.230743169784546
single_large,80,0.5,1.2,1.2,80,1434,466.1353028353565,287.76805937941236,178.36724345594416,72.34771203994751
single_large,80,0.5,1.2,1.2,150,1435,417.58794802605485,291.3768589845592,126.21108904149565,138.76694703102112
single_large,80,0.5,1.2,1.2,150,1436,272.3269737219149,272.3269737219149,0.0,121.1802499294281
single_large,80,0.5,1.2,1.2,150,1437,462.8807364897314,289.6164990840732,173.2642374056582,131.366605758667
single_large,80,0.5,1.2,1.2,250,1438,261.8283314326213,261.8283314326213,0.0,140.89758586883545
single_large,80,0.5,1.2,1.2,250,1439,261.1913886604922,261.1913886604922,0.0,135.57664799690247
single_large,80,0.5,1.2,1.2,250,1440,267.377404360549,267.377404360549,0.0,125.0634880065918
single_large,80,0.5,1.7,1.7,80,1441,287.121243523316,287.121243523316,0.0,43.22410702705383
single_large,80,0.5,1.7,1.7,80,1442,492.7896519371764,288.81949114870577,203.97016078847065,75.54466581344604
single_large,80,0.5,1.7,1.7,80,1443,278.62237219666184,275.0223721966618,3.5999999999999996,47.88610100746155
single_large,80,0.5,1.7,1.7,150,1444,270.06600425819596,270.06600425819596,0.0,83.36654591560364
single_large,80,0.5,1.7,1.7,150,1445,281.19738434492825,281.19738434492825,0.0,119.25910091400146
single_large,80,0.5,1.7,1.7,150,1446,269.71295285102934,269.71295285102934,0.0,127.46449732780457
single_large,80,0.5,1.7,1.7,250,1447,265.8824173858459,265.8824173858459,0.0,125.67480802536011
single_large,80,0.5,1.7,1.7,250,1448,275.1031339640458,275.1031339640458,0.0,122.76453495025635
single_large,80,0.5,1.7,1.7,250,1449,346.0151950286807,314.1261950286807,31.889,180.2125267982483
single_large,80,0.5,2.2,2.2,80,1450,275.23980497617583,275.23980497617583,0.0,40.96554398536682
single_large,80,0.5,2.2,2.2,80,1451,369.5181816807504,286.3481917945187,83.16998988623169,70.46060395240784
single_large,80,0.5,2.2,2.2,80,1452,286.4053752233472,286.4053752233472,0.0,50.326168060302734
single_large,80,0.5,2.2,2.2,150,1453,302.9083308057542,302.9083308057542,0.0,133.69098782539368
single_large,80,0.5,2.2,2.2,150,1454,569.0138097622967,289.39863822326754,279.61517153902906,948.5217499732971
single_large,80,0.5,2.2,2.2,150,1455,569.6048073181073,287.90424008646346,281.7005672316439,147.62416005134583
single_large,80,0.5,2.2,2.2,250,1456,262.89754053892295,262.89754053892295,0.0,126.2744927406311
single_large,80,0.5,2.2,2.2,250,1457,496.7554954789215,292.5608896513192,204.19460582760232,238.87193083763123
single_large,80,0.5,2.2,2.2,250,1458,273.2649100216878,273.2649100216878,0.0,124.7141489982605
single_large,80,0.8,1.2,1.2,80,1459,288.1684210526316,288.1684210526316,0.0,39.64192175865173
single_large,80,0.8,1.2,1.2,80,1460,550.201284729536,288.2821341399565,261.91915058957954,70.82889604568481
single_large,80,0.8,1.2,1.2,80,1461,267.03678562428837,267.03678562428837,0.0,57.93837809562683
single_large,80,0.8,1.2,1.2,150,1462,266.6513775480232,266.6513775480232,0.0,71.79551386833191
single_large,80,0.8,1.2,1.2,150,1463,291.20357542921454,291.20357542921454,0.0,134.87116479873657
single_large,80,0.8,1.2,1.2,150,1464,301.9909228441755,301.9909228441755,0.0,116.04792189598083
single_large,80,0.8,1.2,1.2,250,1465,279.1348280733023,279.1348280733023,0.0,114.13646602630615
single_large,80,0.8,1.2,1.2,250,1466,272.99909502262443,272.99909502262443,0.0,115.93357515335083
single_large,80,0.8,1.2,1.2,250,1467,287.114465408805,287.114465408805,0.0,188.2588951587677
single_large,80,0.8,1.7,1.7,80,1468,493.17023684196954,305.8019030833388,187.3683337586307,69.46986174583435
single_large,80,0.8,1.7,1.7,80,1469,297.29402390438247,297.29402390438247,0.0,38.63140034675598
single_large,80,0.8,1.7,1.7,80,1470,271.4046732649346,271.4046732649346,0.0,38.07172417640686
single_large,80,0.8,1.7,1.7,150,1471,275.57221324717284,275.57221324717284,0.0,68.15229201316833
single_large,80,0.8,1.7,1.7,150,1472,499.72688532625574,300.9821665453486,198.74471878090714,137.03906273841858
single_large,80,0.8,1.7,1.7,150,1473,294.0824427480916,294.0824427480916,0.0,68.28770899772644
single_large,80,0.8,1.7,1.7,250,1474,282.5142857142857,282.5142857142857,0.0,108.91113090515137
single_large,80,0.8,1.7,1.7,250,1475,272.9230306241013,272.9230306241013,0.0,182.16764068603516
single_large,80,0.8,1.7,1.7,250,1476,294.1810016975807,294.1810016975807,0.0,218.9507360458374
single_large,80,0.8,2.2,2.2,80,1477,294.29718847822085,294.29718847822085,0.0,70.7384672164917
single_large,80,0.8,2.2,2.2,80,1478,274.5952755905512,274.5952755905512,0.0,38.83728504180908
single_large,80,0.8,2.2,2.2,80,1479,354.44835770219396,291.9454972413122,62.50286046088178,66.36417579650879
single_large,80,0.8,2.2,2.2,150,1480,273.497247706422,273.497247706422,0.0,68.6181149482727
single_large,80,0.8,2.2,2.2,150,1481,297.52432225682253,297.52432225682253,0.0,67.10212016105652
single_large,80,0.8,2.2,2.2,150,1482,510.9717854302702,283.01920119182057,227.95258423844962,131.70047187805176
single_large,80,0.8,2.2,2.2,250,1483,271.79915908569683,271.79915908569683,0.0,164.31249523162842
single_large,80,0.8,2.2,2.2,250,1484,280.8220377936168,280.8220377936168,0.0,114.65596079826355
single_large,80,0.8,2.2,2.2,250,1485,273.1086232980333,273.1086232980333,0.0,111.48016285896301
double_default,20,0.3,1.2,1.2,80,1486,2785.344379319403,491.56931742233604,2293.7750618970667,27.34720206260681
double_default,20,0.3,1.2,1.2,80,1487,2793.40313050119,489.2431896351542,2304.159940866036,27.445065021514893
double_default,20,0.3,1.2,1.2,80,1488,2581.586308053899,481.09639499216325,2100.4899130617355,27.899640798568726
double_default,20,0.3,1.2,1.2,150,1489,2679.8453795927053,495.10236017928776,2184.7430194134176,63.58988881111145
double_default,20,0.3,1.2,1.2,150,1490,2797.8516752682754,517.8702382801418,2279.9814369881333,54.11567497253418
double_default,20,0.3,1.2,1.2,150,1491,2841.6371697256327,489.9324159612361,2351.7047537643966,53.944591760635376
double_default,20,0.3,1.2,1.2,250,1492,2906.284389581353,512.635467274552,2393.648922306801,89.75004291534424
double_default,20,0.3,1.2,1.2,250,1493,3170.9249744173317,530.5641723356648,2640.360802081667,90.81145715713501
double_default,20,0.3,1.2,1.2,250,1494,1758.973946969051,523.8739469690511,1235.1,78.14961409568787
double_default,20,0.3,1.7,1.7,80,1495,2077.277046113185,523.4160461131846,1553.861,22.244755029678345
double_default,20,0.3,1.7,1.7,80,1496,2825.3300568593218,496.4404518835632,2328.8896049757586,26.67258095741272
double_default,20,0.3,1.7,1.7,80,1497,2920.876966043269,492.8089285416452,2428.068037501624,27.457548141479492
double_default,20,0.3,1.7,1.7,150,1498,2229.185823976776,516.7178239767761,1712.468,52.05620288848877
double_default,20,0.3,1.7,1.7,150,1499,1438.2229829837752,520.7089829837752,917.514,43.29024004936218
double_default,20,0.3,1.7,1.7,150,1500,1356.740763437847,526.3807634378471,830.3599999999999,41.38373780250549
double_default,20,0.3,1.7,1.7,250,1501,1834.270470199804,516.3804701998041,1317.89,77.54067778587341
double_default,20,0.3,1.7,1.7,250,1502,2758.2116071178116,492.7346145183791,2265.4769925994324,87.6625599861145
double_default,20,0.3,1.7,1.7,250,1503,2703.7485231216097,495.42851706390695,2208.320006057703,82.792231798172
double_default,20,0.3,2.2,2.2,80,1504,2976.583711351329,527.0174160344162,2449.5662953169126,28.16462278366089
double_default,20,0.3,2.2,2.2,80,1505,2543.5606149462456,481.0776149462453,2062.483,22.118312120437622
double_default,20,0.3,2.2,2.2,80,1506,3027.2445577199783,514.9371055407131,2512.307452179265,28.180185079574585
double_default,20,0.3,2.2,2.2,150,1507,2312.8785391570314,535.8415391570314,1777.0369999999998,44.71828079223633
double_default,20,0.3,2.2,2.2,150,1508,2951.0188108475418,483.06257256757664,2467.956238279965,51.51456618309021
double_default,20,0.3,2.2,2.2,150,1509,2925.5060939498026,501.2612489786072,2424.2448449711956,53.483482122421265
double_default,20,0.3,2.2,2.2,250,1510,2452.6453194668184,519.2373194668182,1933.408,72.54149389266968
double_default,20,0.3,2.2,2.2,250,1511,2477.4902765736574,528.2932765736576,1949.197,69.49664807319641
double_default,20,0.3,2.2,2.2,250,1512,2824.0612428087866,522.1492381273251,2301.9120046814614,88.70599889755249
double_default,20,0.5,1.2,1.2,80,1513,2831.863994978763,495.66599497876297,2336.198,25.154114723205566
double_default,20,0.5,1.2,1.2,80,1514,2250.0509195248687,535.0149195248691,1715.0359999999998,24.533609867095947
double_default,20,0.5,1.2,1.2,80,1515,2710.3689739000074,548.9129739000073,2161.456,25.875086069107056
double_default,20,0.5,1.2,1.2,150,1516,1711.5960604330726,511.2840604330724,1200.3120000000001,41.032500982284546
double_default,20,0.5,1.2,1.2,150,1517,2887.5084744594033,498.1004526244385,2389.408021834965,51.403947830200195
double_default,20,0.5,1.2,1.2,150,1518,1444.3395745943806,533.3245745943807,911.0149999999999,39.432870864868164
double_default,20,0.5,1.2,1.2,250,1519,1395.803972185682,522.156972185682,873.6469999999999,67.65868806838989
double_default,20,0.5,1.2,1.2,250,1520,2495.4089102295443,505.9829102295445,1989.426,83.8556900024414
double_default,20,0.5,1.2,1.2,250,1521,1832.7048888119998,516.6748888119995,1316.0300000000002,74.34308505058289
double_default,20,0.5,1.7,1.7,80,1522,2863.029667850985,484.04590261361943,2378.9837652373653,28.160867929458618
double_default,20,0.5,1.7,1.7,80,1523,2334.376743463343,510.94474346334266,1823.432,22.38278603553772
double_default,20,0.5,1.7,1.7,80,1524,2818.3502946838526,517.6038227382999,2300.7464719455525,28.502951860427856
double_default,20,0.5,1.7,1.7,150,1525,2899.6672069546107,520.2401986898553,2379.4270082647554,54.475887060165405
double_default,20,0.5,1.7,1.7,150,1526,2720.8273745488036,535.85907435855,2184.9683001902536,53.184558153152466
double_default,20,0.5,1.7,1.7,150,1527,2916.1720988272937,537.4130988272939,2378.759,50.67357397079468
double_default,20,0.5,1.7,1.7,250,1528,2933.377684131868,490.2573573222904,2443.120326809578,84.41495084762573
double_default,20,0.5,1.7,1.7,250,1529,1212.5198583300357,518.5538583300356,693.966,71.47025179862976
double_default,20,0.5,1.7,1.7,250,1530,3087.137865879641,481.5208816110852,2605.616984268556,86.76285290718079
double_default,20,0.5,2.2,2.2,80,1531,3008.4588404725146,493.99784047251455,2514.461,22.187605142593384
double_default,20,0.5,2.2,2.2,80,1532,2604.7008085022057,500.9997845445552,2103.7010239576507,26.055413961410522
double_default,20,0.5,2.2,2.2,80,1533,2722.147941722998,496.21703850811895,2225.930903214879,26.58005380630493
double_default,20,0.5,2.2,2.2,150,1534,2922.3260565506657,511.91167198988967,2410.414384560776,47.66062617301941
double_default,20,0.5,2.2,2.2,150,1535,2065.163265927978,518.4642659279779,1546.699,41.7096209526062
double_default,20,0.5,2.2,2.2,150,1536,2164.202480501985,532.221480501985,1631.981,42.409231185913086
double_default,20,0.5,2.2,2.2,250,1537,1324.4377268735743,531.7317268735743,792.7059999999999,73.29827904701233
double_default,20,0.5,2.2,2.2,250,1538,2087.7670362814806,525.5990362814806,1562.1680000000001,76.87978601455688
double_default,20,0.5,2.2,2.2,250,1539,2579.4656499548964,496.2217780015736,2083.243871953323,82.59871292114258
double_default,20,0.8,1.2,1.2,80,1540,1420.501902651365,526.6979026513652,893.8039999999999,21.20685887336731
double_default,20,0.8,1.2,1.2,80,1541,2165.095555203799,532.586555203799,1632.509,22.25336718559265
double_default,20,0.8,1.2,1.2,80,1542,2512.160080228079,484.22908022807894,2027.931,23.134109258651733
double_default,20,0.8,1.2,1.2,150,1543,2503.2609105528163,496.36682172974497,2006.8940888230716,53.34353303909302
double_default,20,0.8,1.2,1.2,150,1544,2666.340492266407,487.5192223052636,2178.8212699611436,49.38254404067993
double_default,20,0.8,1.2,1.2,150,1545,2314.6223827592817,530.3703827592815,1784.2520000000002,41.721863746643066
double_default,20,0.8,1.2,1.2,250,1546,1253.5300134546892,521.0580134546893,732.472,66.63005089759827
double_default,20,0.8,1.2,1.2,250,1547,2654.323138611623,500.4791384740913,2153.844000137532,85.28588700294495
double_default,20,0.8,1.2,1.2,250,1548,2858.937342683291,488.47561655017284,2370.4617261331177,86.90070915222168
double_default,20,0.8,1.7,1.7,80,1549,2487.314602402812,504.0630057490746,1983.2515966537376,26.81657123565674
double_default,20,0.8,1.7,1.7,80,1550,2719.565954918844,490.5617261920072,2229.0042287268366,26.586671829223633
double_default,20,0.8,1.7,1.7,80,1551,2332.126934341867,499.9391464973129,1832.1877878445544,23.96626305580139
double_default,20,0.8,1.7,1.7,150,1552,2613.733965650408,540.2769656504082,2073.457,44.197664976119995
double_default,20,0.8,1.7,1.7,150,1553,2483.2221126341115,496.70111263411144,1986.5210000000002,42.484184980392456
double_default,20,0.8,1.7,1.7,150,1554,2421.1984134378026,497.96325525492716,1923.2351581828752,49.83044409751892
double_default,20,0.8,1.7,1.7,250,1555,2882.166043869115,507.5388798072265,2374.627164061889,88.16575074195862
double_default,20,0.8,1.7,1.7,250,1556,1140.2800435376557,520.1980435376557,620.0819999999999,62.101481914520264
double_default,20,0.8,1.7,1.7,250,1557,1523.7798915710327,523.6618915710328,1000.1179999999999,66.8300678730011
double_default,20,0.8,2.2,2.2,80,1558,2902.07270793551,487.2049320830664,2414.8677758524436,27.222734928131104
double_default,20,0.8,2.2,2.2,80,1559,2796.2217744979926,483.4417744979927,2312.7799999999997,21.588904857635498
double_default,20,0.8,2.2,2.2,80,1560,2813.7581661493773,520.8497754112504,2292.908390738127,27.83268404006958
double_default,20,0.8,2.2,2.2,150,1561,2844.461991985176,537.5463514776843,2306.915640507492,52.31240487098694
double_default,20,0.8,2.2,2.2,150,1562,2863.305507991244,507.0201064399325,2356.2854015513117,48.342854022979736
double_default,20,0.8,2.2,2.2,150,1563,3000.9598486870896,478.73484868708965,2522.225,41.04047608375549
double_default,20,0.8,2.2,2.2,250,1564,2875.6472653143846,517.1500508619644,2358.4972144524204,82.81494688987732
double_default,20,0.8,2.2,2.2,250,1565,1982.3816992481202,533.4796992481203,1448.902,69.10799288749695
double_default,20,0.8,2.2,2.2,250,1566,1851.4103201424614,529.8333201424614,1321.577,74.87519097328186
double_default,40,0.3,1.2,1.2,80,1567,2462.3243672819526,488.7672765808732,1973.5570907010792,51.637141942977905
double_default,40,0.3,1.2,1.2,80,1568,1656.2414076805508,495.7694076805508,1160.472,43.46951985359192
double_default,40,0.3,1.2,1.2,80,1569,2294.280362749607,495.7673627496067,1798.513,44.178030014038086
double_default,40,0.3,1.2,1.2,150,1570,1834.5999742684594,515.3089742684592,1319.2910000000002,98.99834418296814
double_default,40,0.3,1.2,1.2,150,1571,2894.963305563514,529.9689263458506,2364.9943792176637,98.9436309337616
double_default,40,0.3,1.2,1.2,150,1572,2051.5780260842816,511.14402608428156,1540.4340000000002,98.64315414428711
double_default,40,0.3,1.2,1.2,250,1573,1808.7534521268722,496.221452126872,1312.5320000000002,152.84670090675354
double_default,40,0.3,1.2,1.2,250,1574,1532.7442400181467,525.2862400181468,1007.4579999999999,144.08637738227844
double_default,40,0.3,1.2,1.2,250,1575,2396.9983929594073,508.33495904812594,1888.6634339112816,157.81643295288086
double_default,40,0.3,1.7,1.7,80,1576,1990.1187953242543,512.0387953242545,1478.08,43.120829820632935
double_default,40,0.3,1.7,1.7,80,1577,1825.3018047993846,519.7738047993847,1305.528,47.29365301132202
double_default,40,0.3,1.7,1.7,80,1578,2551.804381644213,489.44830288178014,2062.3560787624333,49.530653953552246
double_default,40,0.3,1.7,1.7,150,1579,1541.7360987603477,522.3240987603476,1019.412,5610.762656927109
double_default,40,0.3,1.7,1.7,150,1580,2535.841778804363,487.492063138091,2048.349715666272,3015.777354001999
double_default,40,0.3,1.7,1.7,150,1581,1392.5114788406715,523.2754788406716,869.236,1050.1443209648132
double_default,40,0.3,1.7,1.7,250,1582,1579.7281909555036,529.8921909555037,1049.836,142.23980474472046
double_default,40,0.3,1.7,1.7,250,1583,2904.990910266481,491.8987985830898,2413.092111683391,165.79338884353638
double_default,40,0.3,1.7,1.7,250,1584,1182.8342172536604,517.5882172536604,665.246,143.88014483451843
double_default,40,0.3,2.2,2.2,80,1585,2393.5217914048612,489.14279140486144,1904.379,42.37433981895447
double_default,40,0.3,2.2,2.2,80,1586,2763.948327945337,540.1123279453368,2223.8360000000002,41.992685079574585
double_default,40,0.3,2.2,2.2,80,1587,2563.999775029096,496.99278527353067,2067.006989755565,50.066657066345215
double_default,40,0.3,2.2,2.2,150,1588,1880.738782753468,510.394782753468,1370.344,82.70809698104858
double_default,40,0.3,2.2,2.2,150,1589,2189.578074367917,528.2750743679173,1661.3029999999999,82.4902720451355
double_default,40,0.3,2.2,2.2,150,1590,2844.437499559742,493.75039084833475,2350.687108711407,103.9187490940094
double_default,40,0.3,2.2,2.2,250,1591,2567.4525618460502,518.7595618460501,2048.693,160.41225600242615
double_default,40,0.3,2.2,2.2,250,1592,1901.432663042302,555.6446630423019,1345.788,138.82045698165894
double_default,40,0.3,2.2,2.2,250,1593,1452.81212544911,523.86612544911,928.946,154.14587116241455
double_default,40,0.5,1.2,1.2,80,1594,2860.2167762871395,487.75574209702535,2372.4610341901143,52.57388496398926
double_default,40,0.5,1.2,1.2,80,1595,1857.6134406228434,522.6714406228434,1334.942,45.56852602958679
double_default,40,0.5,1.2,1.2,80,1596,1521.910069401291,519.9300694012908,1001.98,47.781930923461914
double_default,40,0.5,1.2,1.2,150,1597,1828.7408472454538,524.4668472454537,1304.2740000000001,93.60614514350891
double_default,40,0.5,1.2,1.2,150,1598,1193.1829679461812,520.3029679461812,672.88,77.73093390464783
double_default,40,0.5,1.2,1.2,150,1599,2589.07864885899,536.1016488589896,2052.9770000000003,97.81767892837524
double_default,40,0.5,1.2,1.2,250,1600,1179.4352022817543,515.3512022817541,664.0840000000001,139.1789219379425
double_default,40,0.5,1.2,1.2,250,1601,1230.6315565360442,520.9615565360441,709.6700000000001,150.35908222198486
double_default,40,0.5,1.2,1.2,250,1602,1007.0802302856098,519.2542302856098,487.826,136.32477116584778
double_default,40,0.5,1.7,1.7,80,1603,1600.631042205877,523.459042205877,1077.172,43.94892382621765
double_default,40,0.5,1.7,1.7,80,1604,2665.5955911974443,502.5318566038065,2163.063734593638,52.15594983100891
double_default,40,0.5,1.7,1.7,80,1605,1502.2440230828156,527.6940230828156,974.55,44.096440076828
double_default,40,0.5,1.7,1.7,150,1606,1186.673010902938,528.7470109029379,657.926,77.44958400726318
double_default,40,0.5,1.7,1.7,150,1607,2446.6740001182143,525.8440001182141,1920.83,96.838143825531
double_default,40,0.5,1.7,1.7,150,1608,1395.8186119069937,523.3266119069938,872.492,81.70882678031921
double_default,40,0.5,1.7,1.7,250,1609,1034.902963218433,519.754963218433,515.148,126.831876039505
double_default,40,0.5,1.7,1.7,250,1610,1158.2746893549663,526.2546893549663,632.02,124.04079222679138
double_default,40,0.5,1.7,1.7,250,1611,1096.425553759053,520.243553759053,576.182,131.79167914390564
double_default,40,0.5,2.2,2.2,80,1612,2763.0888582732973,510.5805940030447,2252.5082642702528,54.01350808143616
double_default,40,0.5,2.2,2.2,80,1613,2869.4832976349207,537.3225001679494,2332.1607974669714,54.20893216133118
double_default,40,0.5,2.2,2.2,80,1614,1976.1765183759712,543.2065183759712,1432.97,42.37220811843872
double_default,40,0.5,2.2,2.2,150,1615,2650.260736501569,511.9496117318923,2138.311124769677,97.29522895812988
double_default,40,0.5,2.2,2.2,150,1616,1496.5702903412378,533.1622903412376,963.4080000000001,82.65469002723694
double_default,40,0.5,2.2,2.2,150,1617,2643.0625263855513,495.35537610342755,2147.7071502821236,97.86088800430298
double_default,40,0.5,2.2,2.2,250,1618,2651.2387461437534,493.2218586132017,2158.0168875305517,169.69928216934204
double_default,40,0.5,2.2,2.2,250,1619,1494.514983717193,523.5839837171931,970.931,151.11471605300903
double_default,40,0.5,2.2,2.2,250,1620,1254.2716772193642,526.5866772193642,727.685,131.28750324249268
double_default,40,0.8,1.2,1.2,80,1621,1266.023749216919,511.6697492169191,754.3539999999999,42.277374029159546
double_default,40,0.8,1.2,1.2,80,1622,1538.6268842769182,527.2868842769184,1011.3399999999999,45.16671895980835
double_default,40,0.8,1.2,1.2,80,1623,1616.3972354570637,532.1152354570637,1084.282,46.2027792930603
double_default,40,0.8,1.2,1.2,150,1624,1698.7293854573277,538.6613854573277,1160.068,82.26980710029602
double_default,40,0.8,1.2,1.2,150,1625,1125.4625833954315,526.4845833954314,598.9780000000001,77.98122692108154
double_default,40,0.8,1.2,1.2,150,1626,1137.7125318559556,524.1285318559557,613.5840000000001,77.3223512172699
double_default,40,0.8,1.2,1.2,250,1627,2098.722578236776,546.267578236776,1552.455,161.17488312721252
double_default,40,0.8,1.2,1.2,250,1628,1099.6076117054145,526.1376117054144,573.47,121.02379012107849
double_default,40,0.8,1.2,1.2,250,1629,1116.5160182034033,522.7020182034032,593.814,124.48108696937561
double_default,40,0.8,1.7,1.7,80,1630,1843.0866948951325,541.3726948951326,1301.714,43.97865080833435
double_default,40,0.8,1.7,1.7,80,1631,1650.5566879149983,528.1996879149982,1122.357,43.95375108718872
double_default,40,0.8,1.7,1.7,80,1632,2034.83007422804,553.1650742280401,1481.665,43.0474739074707
double_default,40,0.8,1.7,1.7,150,1633,1593.308627435875,533.6326274358751,1059.676,76.95757603645325
double_default,40,0.8,1.7,1.7,150,1634,1727.1482517709305,530.0762517709304,1197.0720000000001,73.27456903457642
double_default,40,0.8,1.7,1.7,150,1635,1849.2342477798659,533.9522477798657,1315.2820000000002,79.04554390907288
double_default,40,0.8,1.7,1.7,250,1636,1385.923451184175,527.4334511841749,858.49,147.32092428207397
double_default,40,0.8,1.7,1.7,250,1637,2780.5267745330884,527.2784999417845,2253.248274591304,171.26686906814575
double_default,40,0.8,1.7,1.7,250,1638,1096.4467851206964,522.2087851206965,574.2379999999999,120.42352986335754
double_default,40,0.8,2.2,2.2,80,1639,2071.7751955245694,532.5271955245692,1539.248,43.47507882118225
double_default,40,0.8,2.2,2.2,80,1640,1732.7274802289123,543.4244802289124,1189.3029999999999,43.300410747528076
double_default,40,0.8,2.2,2.2,80,1641,1758.5683217139372,536.1333217139371,1222.4350000000002,39.9452109336853
double_default,40,0.8,2.2,2.2,150,1642,1308.6891539374753,525.8931539374753,782.796,73.7731249332428
double_default,40,0.8,2.2,2.2,150,1643,2700.953960572364,493.86996057236405,2207.084,78.34516191482544
double_default,40,0.8,2.2,2.2,150,1644,1376.9854388603087,529.3334388603087,847.652,76.29675817489624
double_default,40,0.8,2.2,2.2,250,1645,1319.4264289671546,528.9084289671547,790.5179999999999,121.85021305084229
double_default,40,0.8,2.2,2.2,250,1646,1233.28592481203,528.76992481203,704.5160000000001,128.7733781337738
double_default,40,0.8,2.2,2.2,250,1647,1245.4323814800157,532.0683814800158,713.3639999999999,124.9415762424469
double_default,80,0.3,1.2,1.2,80,1648,2055.082431159126,525.8894311591259,1529.1930000000002,92.7076370716095
double_default,80,0.3,1.2,1.2,80,1649,2213.9525586846466,504.5865586846465,1709.366,97.96028685569763
double_default,80,0.3,1.2,1.2,80,1650,1970.2584142874239,515.9784142874238,1454.28,91.60608100891113
double_default,80,0.3,1.2,1.2,150,1651,1400.7409961725853,505.8289961725851,894.912,186.48405814170837
double_default,80,0.3,1.2,1.2,150,1652,2409.8247201938493,496.03072019384916,1913.794,185.42095589637756
double_default,80,0.3,1.2,1.2,150,1653,1523.788142696144,510.4231426961438,1013.365,167.8697099685669
double_default,80,0.3,1.2,1.2,250,1654,1227.0183775227542,516.6983775227543,710.32,321.0267770290375
double_default,80,0.3,1.2,1.2,250,1655,1123.616035173519,517.608035173519,606.008,273.43717885017395
double_default,80,0.3,1.2,1.2,250,1656,1171.4158175285177,516.8258175285176,654.59,287.08635997772217
double_default,80,0.3,1.7,1.7,80,1657,1268.1579790671794,516.4659790671794,751.6919999999999,90.1445951461792
double_default,80,0.3,1.7,1.7,80,1658,2515.3447141162433,494.33429509901146,2021.010419017232,105.31484532356262
double_default,80,0.3,1.7,1.7,80,1659,2241.4023574704793,516.3230224449999,1725.0793350254794,96.85732698440552
double_default,80,0.3,1.7,1.7,150,1660,1226.2591884985281,524.6371884985283,701.622,170.25380110740662
double_default,80,0.3,1.7,1.7,150,1661,1943.1886266518654,523.9216266518654,1419.267,185.45759081840515
double_default,80,0.3,1.7,1.7,150,1662,1168.636009625387,517.6820096253871,650.954,165.13718104362488
double_default,80,0.3,1.7,1.7,250,1663,957.5904527971359,519.2804527971359,438.31,271.0764572620392
double_default,80,0.3,1.7,1.7,250,1664,1443.710500583601,522.3905005836009,921.32,265.99635195732117
double_default,80,0.3,1.7,1.7,250,1665,1163.8511383098003,517.5871383098004,646.2639999999999,281.8550090789795
double_default,80,0.3,2.2,2.2,80,1666,2410.9585838384005,491.4968324506309,1919.4617513877695,103.11652493476868
double_default,80,0.3,2.2,2.2,80,1667,2708.704636125124,519.3942675764777,2189.3103685486467,108.2328679561615
double_default,80,0.3,2.2,2.2,80,1668,2385.2323468771688,526.9263468771686,1858.306,89.15932583808899
double_default,80,0.3,2.2,2.2,150,1669,1894.728948296945,530.5029482969449,1364.226,167.05291485786438
double_default,80,0.3,2.2,2.2,150,1670,2186.245150719595,546.1511507195951,1640.094,170.0478639602661
double_default,80,0.3,2.2,2.2,150,1671,1279.8797392054128,514.2957392054127,765.5840000000001,171.2159240245819
double_default,80,0.3,2.2,2.2,250,1672,2212.8727663214218,532.3617663214217,1680.5110000000002,323.4999749660492
double_default,80,0.3,2.2,2.2,250,1673,1319.6874475264551,515.1554475264552,804.5319999999999,286.83827090263367
double_default,80,0.3,2.2,2.2,250,1674,1188.939268668164,520.7752686681642,668.1639999999999,264.8595669269562
double_default,80,0.5,1.2,1.2,80,1675,2535.070614405485,528.890614405485,2006.1799999999998,102.57961416244507
double_default,80,0.5,1.2,1.2,80,1676,2777.8311317677135,531.2861317677135,2246.545,106.51523423194885
double_default,80,0.5,1.2,1.2,80,1677,1765.5656549145006,525.7586549145004,1239.8070000000002,93.05820107460022
double_default,80,0.5,1.2,1.2,150,1678,1614.0160988521639,514.6440988521639,1099.3719999999998,189.90091705322266
double_default,80,0.5,1.2,1.2,150,1679,2383.9991725366044,518.9321725366046,1865.067,193.01094698905945
double_default,80,0.5,1.2,1.2,150,1680,1094.7026933331936,519.9206933331935,574.7819999999999,165.50406789779663
double_default,80,0.5,1.2,1.2,250,1681,989.7197340720221,519.9357340720221,469.784,265.21592903137207
double_default,80,0.5,1.2,1.2,250,1682,1981.3431651760268,518.5201651760269,1462.8229999999999,322.3533308506012
double_default,80,0.5,1.2,1.2,250,1683,1016.1577993069392,518.8217993069392,497.336,264.2706172466278
double_default,80,0.5,1.7,1.7,80,1684,2443.4971364471585,517.2371364471582,1926.2600000000002,91.72803211212158
double_default,80,0.5,1.7,1.7,80,1685,1369.386629100613,526.1066291006131,843.28,90.51542139053345
double_default,80,0.5,1.7,1.7,80,1686,1563.0916799656459,513.194679965646,1049.897,88.77925610542297
double_default,80,0.5,1.7,1.7,150,1687,1128.4546484008374,527.9106484008375,600.544,153.13726902008057
double_default,80,0.5,1.7,1.7,150,1688,1315.1128063800818,514.7538063800819,800.3589999999999,157.4884328842163
double_default,80,0.5,1.7,1.7,150,1689,2466.4162104584484,515.1662104584487,1951.2499999999998,195.3489429950714
double_default,80,0.5,1.7,1.7,250,1690,1124.4749354966364,520.6689354966363,603.806,280.208997964859
double_default,80,0.5,1.7,1.7,250,1691,1076.6926034863081,522.5626034863083,554.13,263.9571919441223
double_default,80,0.5,1.7,1.7,250,1692,1141.8147993141556,523.7347993141557,618.08,292.7891569137573
double_default,80,0.5,2.2,2.2,80,1693,2371.0236258929003,496.1220056156644,1874.901620277236,99.30077910423279
double_default,80,0.5,2.2,2.2,80,1694,1332.4022195687871,517.8282195687871,814.5740000000001,101.84465503692627
double_default,80,0.5,2.2,2.2,80,1695,1925.82541416384,529.5234141638399,1396.302,84.38455724716187
double_default,80,0.5,2.2,2.2,150,1696,1173.8016153541748,529.2356153541749,644.5659999999999,153.88290214538574
double_default,80,0.5,2.2,2.2,150,1697,2568.414117341785,491.34656728910966,2077.0675500526754,186.02485179901123
double_default,80,0.5,2.2,2.2,150,1698,1457.064968994633,521.864968994633,935.2,159.5509388446808
double_default,80,0.5,2.2,2.2,250,1699,1165.5642562650787,518.2842562650787,647.28,251.03213119506836
double_default,80,0.5,2.2,2.2,250,1700,1629.4411563051142,526.5661563051142,1102.875,278.9732401371002
double_default,80,0.5,2.2,2.2,250,1701,1206.048711515631,530.7267115156312,675.322,251.23521614074707
double_default,80,0.8,1.2,1.2,80,1702,2698.439895748218,496.793725825881,2201.6461699223373,104.42202806472778
double_default,80,0.8,1.2,1.2,80,1703,1195.6551726414018,522.6751726414018,672.98,88.75230097770691
double_default,80,0.8,1.2,1.2,80,1704,1511.3341562741439,526.321156274144,985.0129999999999,88.98973679542542
double_default,80,0.8,1.2,1.2,150,1705,1124.5967138899882,517.5487138899881,607.048,157.72863101959229
double_default,80,0.8,1.2,1.2,150,1706,1342.443022078085,522.781022078085,819.662,185.23651695251465
double_default,80,0.8,1.2,1.2,150,1707,1143.1248381480013,524.9668381480016,618.1579999999999,153.09805703163147
double_default,80,0.8,1.2,1.2,250,1708,1032.418648199446,524.406648199446,508.0119999999999,256.0002989768982
double_default,80,0.8,1.2,1.2,250,1709,1080.690344281757,518.790344281757,561.9000000000001,251.07929396629333
double_default,80,0.8,1.2,1.2,250,1710,2579.4113740176886,481.37405978718687,2098.0373142305016,319.5919418334961
double_default,80,0.8,1.7,1.7,80,1711,2124.2229893153935,555.3009893153937,1568.922,100.97070407867432
double_default,80,0.8,1.7,1.7,80,1712,1676.3539556786704,545.4559556786703,1130.8980000000001,96.79920625686646
double_default,80,0.8,1.7,1.7,80,1713,1302.0167320933915,522.2507320933914,779.766,87.07156419754028
double_default,80,0.8,1.7,1.7,150,1714,1061.6004234269885,525.3904234269885,536.21,146.98392987251282
double_default,80,0.8,1.7,1.7,150,1715,1331.0313636256187,537.6153636256186,793.416,156.64671087265015
double_default,80,0.8,1.7,1.7,150,1716,1136.2965886500565,524.7645886500567,611.5319999999999,146.01614999771118
double_default,80,0.8,1.7,1.7,250,1717,1086.560910170162,524.7009101701622,561.86,248.34313297271729
double_default,80,0.8,1.7,1.7,250,1718,1197.551640680649,530.0036406806489,667.548,303.09940099716187
double_default,80,0.8,1.7,1.7,250,1719,1044.1233201424614,522.2333201424614,521.89,243.40921068191528
double_default,80,0.8,2.2,2.2,80,1720,2215.0033860053345,504.846850880308,1710.1565351250267,97.02907276153564
double_default,80,0.8,2.2,2.2,80,1721,2363.8988410918455,524.5208410918455,1839.3780000000002,79.42783284187317
double_default,80,0.8,2.2,2.2,80,1722,1620.151465475839,537.9884654758388,1082.163,84.53800320625305
double_default,80,0.8,2.2,2.2,150,1723,2656.5264394008777,499.5193971005378,2157.00704230034,191.7421863079071
double_default,80,0.8,2.2,2.2,150,1724,1582.168040364068,531.9740403640681,1050.194,163.14400219917297
double_default,80,0.8,2.2,2.2,150,1725,2213.9444939012183,526.9944939012187,1686.9499999999998,177.2027587890625
double_default,80,0.8,2.2,2.2,250,1726,1194.8352354570636,525.3152354570636,669.52,252.5793161392212
double_default,80,0.8,2.2,2.2,250,1727,1088.4460498614958,522.4620498614959,565.984,263.12185406684875
double_default,80,0.8,2.2,2.2,250,1728,1262.7553478432926,531.8233478432925,730.9320000000001,261.49870586395264
double_heavy,20,0.3,1.2,1.2,80,1729,3012.624365589333,527.2363655893334,2485.388,27.823315858840942
double_heavy,20,0.3,1.2,1.2,80,1730,3376.530092792294,502.7421588969197,2873.7879338953744,32.70880103111267
double_heavy,20,0.3,1.2,1.2,80,1731,3199.338722508711,488.10172250871085,2711.237,27.55091094970703
double_heavy,20,0.3,1.2,1.2,150,1732,3352.1258142966935,508.22181429669394,2843.9039999999995,50.36673092842102
double_heavy,20,0.3,1.2,1.2,150,1733,3396.6521610370537,508.5459144471286,2888.106246589925,61.76217317581177
double_heavy,20,0.3,1.2,1.2,150,1734,3173.6162624275385,512.6865262956514,2660.929736131887,59.429762840270996
double_heavy,20,0.3,1.2,1.2,250,1735,2002.9660771251783,514.2340771251784,1488.732,81.80402302742004
double_heavy,20,0.3,1.2,1.2,250,1736,3192.464551561944,529.278591199593,2663.185960362351,100.38184189796448
double_heavy,20,0.3,1.2,1.2,250,1737,3337.189726428109,496.26795991067,2840.921766517439,101.2200710773468
double_heavy,20,0.3,1.7,1.7,80,1738,3484.8216526942706,504.8427309687404,2979.97892172553,32.798180103302
double_heavy,20,0.3,1.7,1.7,80,1739,3320.909009624623,526.1292158795123,2794.779793745111,31.468131065368652
double_heavy,20,0.3,1.7,1.7,80,1740,3213.2291633207997,505.37994152995054,2707.8492217908492,31.11773920059204
double_heavy,20,0.3,1.7,1.7,150,1741,3124.1278866117727,504.3618866117726,2619.766,50.41528797149658
double_heavy,20,0.3,1.7,1.7,150,1742,3029.8035129627897,495.80307673466183,2534.000436228128,58.53476905822754
double_heavy,20,0.3,1.7,1.7,150,1743,3650.3985773661398,524.9495773661395,3125.449,52.06725788116455
double_heavy,20,0.3,1.7,1.7,250,1744,2153.09398242675,528.7229824267503,1624.3709999999996,82.86888098716736
double_heavy,20,0.3,1.7,1.7,250,1745,3078.8746758198613,490.847881230556,2588.026794589305,98.03007793426514
double_heavy,20,0.3,1.7,1.7,250,1746,3071.027493653917,521.6963961920133,2549.331097461904,93.21869015693665
double_heavy,20,0.3,2.2,2.2,80,1747,3410.685647309292,532.5506473092917,2878.135,26.625924825668335
double_heavy,20,0.3,2.2,2.2,80,1748,3062.038452205803,513.7710385272562,2548.2674136785467,32.57256484031677
double_heavy,20,0.3,2.2,2.2,80,1749,3334.9716841127192,529.6047528858694,2805.36693122685,33.21735191345215
double_heavy,20,0.3,2.2,2.2,150,1750,2941.477068509391,485.0145687980192,2456.4624997113715,55.95178771018982
double_heavy,20,0.3,2.2,2.2,150,1751,3306.058247900249,521.6235815293825,2784.4346663708666,58.60056400299072
double_heavy,20,0.3,2.2,2.2,150,1752,3062.352358606518,487.2685275055805,2575.0838311009375,57.478731870651245
double_heavy,20,0.3,2.2,2.2,250,1753,3231.4532276026807,497.292046189198,2734.1611814134826,100.58033990859985
double_heavy,20,0.3,2.2,2.2,250,1754,3082.550258604936,507.14425860493594,2575.406,83.5451021194458
double_heavy,20,0.3,2.2,2.2,250,1755,3680.9834597475647,524.6465535821557,3156.336906165409,104.40820789337158
double_heavy,20,0.5,1.2,1.2,80,1756,2538.7854609868464,540.7394609868463,1998.0459999999998,25.99065089225769
double_heavy,20,0.5,1.2,1.2,80,1757,3056.7471196162865,489.7797640948787,2566.9673555214076,30.97331213951111
double_heavy,20,0.5,1.2,1.2,80,1758,3177.769602106233,517.7252516516448,2660.044350454588,31.210240602493286
double_heavy,20,0.5,1.2,1.2,150,1759,3132.938525349412,494.38316800179126,2638.555357347621,59.18588995933533
double_heavy,20,0.5,1.2,1.2,150,1760,3371.440437942137,512.8294379421371,2858.611,54.09920382499695
double_heavy,20,0.5,1.2,1.2,150,1761,3027.632857024151,493.43564529422594,2534.1972117299247,56.500290632247925
double_heavy,20,0.5,1.2,1.2,250,1762,2845.0375719080243,486.38612930098674,2358.6514426070376,97.64813899993896
double_heavy,20,0.5,1.2,1.2,250,1763,3005.6388900017446,516.2328727971529,2489.4060172045915,96.18081474304199
double_heavy,20,0.5,1.2,1.2,250,1764,2437.4227053662225,496.60470536622233,1940.818,94.5176100730896
double_heavy,20,0.5,1.7,1.7,80,1765,3239.4965744113824,537.6825744113826,2701.814,26.74108600616455
double_heavy,20,0.5,1.7,1.7,80,1766,3137.026467182622,500.0374671826218,2636.9890000000005,28.761264085769653
double_heavy,20,0.5,1.7,1.7,80,1767,3223.331196897601,501.2042724365351,2722.1269244610658,31.82303285598755
double_heavy,20,0.5,1.7,1.7,150,1768,3199.1828864204017,520.7898864204024,2678.3929999999996,48.80112099647522
double_heavy,20,0.5,1.7,1.7,150,1769,3273.3213819109246,543.608381910925,2729.7129999999997,51.007822036743164
double_heavy,20,0.5,1.7,1.7,150,1770,3473.489944511222,511.97146731973254,2961.518477191489,60.99439001083374
double_heavy,20,0.5,1.7,1.7,250,1771,2517.4910930967717,516.3380930967714,2001.153,79.74193811416626
double_heavy,20,0.5,1.7,1.7,250,1772,3163.872005399319,492.6218082480759,2671.250197151243,101.1522331237793
double_heavy,20,0.5,1.7,1.7,250,1773,3203.409605030361,500.6401244420245,2702.7694805883366,98.63239407539368
double_heavy,20,0.5,2.2,2.2,80,1774,3421.5691305419737,508.33629265012985,2913.2328378918437,31.480565071105957
double_heavy,20,0.5,2.2,2.2,80,1775,3390.808609983293,503.236980426901,2887.571629556392,32.45781469345093
double_heavy,20,0.5,2.2,2.2,80,1776,3300.697896294287,505.0758962942874,2795.622,26.013878107070923
double_heavy,20,0.5,2.2,2.2,150,1777,2786.335679219026,502.68567921902627,2283.6499999999996,53.89262580871582
double_heavy,20,0.5,2.2,2.2,150,1778,3106.424194579504,521.828194579504,2584.596,48.158299922943115
double_heavy,20,0.5,2.2,2.2,150,1779,3116.2915909739686,500.0202744114048,2616.2713165625637,57.2659809589386
double_heavy,20,0.5,2.2,2.2,250,1780,3341.6450568871433,530.4034582098186,2811.2415986773244,103.1220588684082
double_heavy,20,0.5,2.2,2.2,250,1781,2337.372529182467,540.7305291824672,1796.642,83.21652102470398
double_heavy,20,0.5,2.2,2.2,250,1782,3239.877770515104,503.45299593296306,2736.4247745821413,100.33587098121643
double_heavy,20,0.8,1.2,1.2,80,1783,3496.714030542064,498.3660305420641,2998.348,26.78551983833313
double_heavy,20,0.8,1.2,1.2,80,1784,3330.9596059537853,552.7296059537853,2778.23,27.629220008850098
double_heavy,20,0.8,1.2,1.2,80,1785,3273.7224255686983,534.2446487893849,2739.4777767793134,32.602765798568726
double_heavy,20,0.8,1.2,1.2,150,1786,3207.464093626383,538.8600936263831,2668.604,48.87469530105591
double_heavy,20,0.8,1.2,1.2,150,1787,2585.313607385387,563.9646073853869,2021.3490000000002,47.70440983772278
double_heavy,20,0.8,1.2,1.2,150,1788,3379.3118224045306,497.04898278478595,2882.2628396197447,58.459254026412964
double_heavy,20,0.8,1.2,1.2,250,1789,3439.36186106314,536.7012914263628,2902.6605696367774,105.76837229728699
double_heavy,20,0.8,1.2,1.2,250,1790,3432.299290982912,508.63329098291234,2923.6659999999997,79.10023379325867
double_heavy,20,0.8,1.2,1.2,250,1791,2699.0059228283003,569.7979228283001,2129.208,79.64334201812744
double_heavy,20,0.8,1.7,1.7,80,1792,3136.3742629438543,503.76526294385445,2632.609,24.96381902694702
double_heavy,20,0.8,1.7,1.7,80,1793,3270.4859375702954,495.07595869922295,2775.4099788710723,31.134448051452637
double_heavy,20,0.8,1.7,1.7,80,1794,3199.5759791367977,491.7115818894214,2707.8643972473765,31.8191819190979
double_heavy,20,0.8,1.7,1.7,150,1795,3106.524079101934,502.19104841326293,2604.3330306886714,58.4574990272522
double_heavy,20,0.8,1.7,1.7,150,1796,3607.1953270896115,499.7910156419871,3107.4043114476244,62.085585832595825
double_heavy,20,0.8,1.7,1.7,150,1797,2655.820406375442,516.484958802594,2139.335447572848,55.155279874801636
double_heavy,20,0.8,1.7,1.7,250,1798,2896.6129144361216,489.26177360631885,2407.3511408298027,95.5372519493103
double_heavy,20,0.8,1.7,1.7,250,1799,3025.85014022104,552.0121402210402,2473.8379999999997,80.93366289138794
double_heavy,20,0.8,1.7,1.7,250,1800,1796.9137007402987,539.0147007402988,1257.899,74.60890102386475
double_heavy,20,0.8,2.2,2.2,80,1801,3123.53337669174,499.4221505711831,2624.111226120557,31.28146982192993
double_heavy,20,0.8,2.2,2.2,80,1802,3493.2811289650035,519.9929853492497,2973.2881436157536,32.360883951187134
double_heavy,20,0.8,2.2,2.2,80,1803,2929.7258315758436,539.3778315758436,2390.348,25.97336769104004
double_heavy,20,0.8,2.2,2.2,150,1804,3153.375052629455,509.0836824505251,2644.29137017893,57.140692949295044
double_heavy,20,0.8,2.2,2.2,150,1805,3409.282251821287,484.5848739179517,2924.697377903335,59.16654086112976
double_heavy,20,0.8,2.2,2.2,150,1806,3060.648583593882,524.2355835938818,2536.4130000000005,44.300092935562134
double_heavy,20,0.8,2.2,2.2,250,1807,3147.211498442641,485.79886282856717,2661.412635614074,96.64581394195557
double_heavy,20,0.8,2.2,2.2,250,1808,3264.8313558825685,488.77678843993726,2776.054567442631,96.65841579437256
double_heavy,20,0.8,2.2,2.2,250,1809,3310.3145576882484,504.5401109996846,2805.774446688564,97.43117094039917
double_heavy,40,0.3,1.2,1.2,80,1810,3352.908751944232,481.8449223753066,2871.0638295689255,63.17659592628479
double_heavy,40,0.3,1.2,1.2,80,1811,2908.1722717611237,542.1132717611234,2366.059,56.750677824020386
double_heavy,40,0.3,1.2,1.2,80,1812,2825.562843152571,521.3447127996972,2304.218130352874,59.2267427444458
double_heavy,40,0.3,1.2,1.2,150,1813,2963.556675703865,495.9106757038654,2467.6459999999997,104.78525900840759
double_heavy,40,0.3,1.2,1.2,150,1814,3392.6721846966425,486.3530930244471,2906.3190916721956,119.76007795333862
double_heavy,40,0.3,1.2,1.2,150,1815,3170.02359697804,499.6629626402767,2670.3606343377633,117.47264266014099
double_heavy,40,0.3,1.2,1.2,250,1816,1524.2732158978947,532.7972158978946,991.476,167.49973607063293
double_heavy,40,0.3,1.2,1.2,250,1817,1350.3476476540382,520.3676476540381,829.9800000000001,158.70977902412415
double_heavy,40,0.3,1.2,1.2,250,1818,1706.8995224397813,515.5175224397811,1191.3820000000003,158.89464497566223
double_heavy,40,0.3,1.7,1.7,80,1819,2807.6826777079527,535.377677707953,2272.305,53.97529602050781
double_heavy,40,0.3,1.7,1.7,80,1820,2871.9633560878374,529.1443560878372,2342.819,54.10136914253235
double_heavy,40,0.3,1.7,1.7,80,1821,2350.369058788562,533.833058788562,1816.536,51.70648789405823
double_heavy,40,0.3,1.7,1.7,150,1822,2652.682109487071,519.3741094870713,2133.308,105.16110396385193
double_heavy,40,0.3,1.7,1.7,150,1823,2697.029303045032,554.5223030450321,2142.507,101.85446906089783
double_heavy,40,0.3,1.7,1.7,150,1824,3275.074588561873,498.9133224930539,2776.1612660688193,118.99900007247925
double_heavy,40,0.3,1.7,1.7,250,1825,3110.3314976364222,505.4044911637981,2604.9270064726243,195.1632478237152
double_heavy,40,0.3,1.7,1.7,250,1826,3369.303179509836,513.7051004898193,2855.5980790200165,205.89739418029785
double_heavy,40,0.3,1.7,1.7,250,1827,3174.0767600630907,472.5464100205569,2701.530350042534,197.11217713356018
double_heavy,40,0.3,2.2,2.2,80,1828,3064.9682797852934,497.1192797852934,2567.849,51.41394281387329
double_heavy,40,0.3,2.2,2.2,80,1829,3345.0391528534287,499.69437109516224,2845.3447817582664,64.8753309249878
double_heavy,40,0.3,2.2,2.2,80,1830,3266.307675524638,510.0542066528833,2756.2534688717546,61.89622402191162
double_heavy,40,0.3,2.2,2.2,150,1831,2738.246347042588,498.71934704258774,2239.527,90.53745102882385
double_heavy,40,0.3,2.2,2.2,150,1832,2958.5148860688405,494.2908860688403,2464.224,93.10311102867126
double_heavy,40,0.3,2.2,2.2,150,1833,2121.7126513469943,540.9926513469941,1580.7200000000003,96.85954523086548
double_heavy,40,0.3,2.2,2.2,250,1834,2972.921677586847,487.8629955806691,2485.058682006178,193.63711881637573
double_heavy,40,0.3,2.2,2.2,250,1835,3009.3651869530277,510.6171869530274,2498.748,175.80583715438843
double_heavy,40,0.3,2.2,2.2,250,1836,3107.2667084281093,518.8397084281089,2588.427,166.7447690963745
double_heavy,40,0.5,1.2,1.2,80,1837,2700.8136275506263,521.0446275506266,2179.769,57.956265926361084
double_heavy,40,0.5,1.2,1.2,80,1838,2164.415457797766,514.2604577977661,1650.155,54.38106894493103
double_heavy,40,0.5,1.2,1.2,80,1839,3271.9254603403506,494.1164706965603,2777.8089896437905,62.635724782943726
double_heavy,40,0.5,1.2,1.2,150,1840,1774.6218292373403,525.5578292373402,1249.064,100.46586227416992
double_heavy,40,0.5,1.2,1.2,150,1841,3095.0615549077966,495.3601811472379,2599.7013737605585,115.85469007492065
double_heavy,40,0.5,1.2,1.2,150,1842,2144.2103313588905,512.2323313588902,1631.978,97.35833406448364
double_heavy,40,0.5,1.2,1.2,250,1843,1567.6613176933233,528.3853176933233,1039.276,176.11447191238403
double_heavy,40,0.5,1.2,1.2,250,1844,1792.515975941864,518.1259759418642,1274.3899999999999,168.49492692947388
double_heavy,40,0.5,1.2,1.2,250,1845,1881.7540488895675,511.2740488895675,1370.48,165.16633868217468
double_heavy,40,0.5,1.7,1.7,80,1846,3137.3894954597436,530.231736474396,2607.1577589853473,64.43885111808777
double_heavy,40,0.5,1.7,1.7,80,1847,2952.634007955396,525.7600079553963,2426.874,51.8075168132782
double_heavy,40,0.5,1.7,1.7,80,1848,3006.6530716578077,501.8790716578082,2504.7739999999994,51.752358198165894
double_heavy,40,0.5,1.7,1.7,150,1849,1876.6071194522046,523.0011194522046,1353.606,97.3601930141449
double_heavy,40,0.5,1.7,1.7,150,1850,2340.2820969802,531.8710969802,1808.411,101.27120304107666
double_heavy,40,0.5,1.7,1.7,150,1851,3101.5512251543632,500.46702593909185,2601.0841992152714,116.3026909828186
double_heavy,40,0.5,1.7,1.7,250,1852,2010.054448755195,555.340448755195,1454.714,166.9538140296936
double_heavy,40,0.5,1.7,1.7,250,1853,3371.020546326701,512.8545047932176,2858.1660415334836,196.80417466163635
double_heavy,40,0.5,1.7,1.7,250,1854,1959.79917886325,531.13717886325,1428.662,158.79687213897705
double_heavy,40,0.5,2.2,2.2,80,1855,2732.959444520639,497.06863017513143,2235.8908143455074,59.31649422645569
double_heavy,40,0.5,2.2,2.2,80,1856,3303.1525906841407,524.815590684141,2778.337,51.330698013305664
double_heavy,40,0.5,2.2,2.2,80,1857,3004.5451367230958,561.4001367230957,2443.145,52.910547971725464
double_heavy,40,0.5,2.2,2.2,150,1858,3000.947454311112,495.9446086209881,2505.0028456901236,118.61206102371216
double_heavy,40,0.5,2.2,2.2,150,1859,3112.5560992760693,497.31741176318735,2615.238687512882,117.09226083755493
double_heavy,40,0.5,2.2,2.2,150,1860,3095.460149329492,505.01982633268585,2590.4403229968066,117.43735098838806
double_heavy,40,0.5,2.2,2.2,250,1861,3239.694946319795,509.9971243200839,2729.697821999711,200.9087371826172
double_heavy,40,0.5,2.2,2.2,250,1862,3197.770027209247,484.58005918607387,2713.189968023173,199.4767689704895
double_heavy,40,0.5,2.2,2.2,250,1863,2787.900695659848,535.7396956598482,2252.161,159.98428392410278
double_heavy,40,0.8,1.2,1.2,80,1864,3081.562825101882,515.5082839616322,2566.05454114025,62.01683974266052
double_heavy,40,0.8,1.2,1.2,80,1865,2600.131189415194,542.7611894151935,2057.3700000000003,50.83978509902954
double_heavy,40,0.8,1.2,1.2,80,1866,3117.4503759276954,497.9555455969753,2619.49483033072,61.97234511375427
double_heavy,40,0.8,1.2,1.2,150,1867,2035.219146239227,550.5091462392269,1484.71,114.0348150730133
double_heavy,40,0.8,1.2,1.2,150,1868,1894.7704614166996,528.9424614166996,1365.828,93.5958878993988
double_heavy,40,0.8,1.2,1.2,150,1869,3017.6525970363487,494.36059703634925,2523.2919999999995,94.85570502281189
double_heavy,40,0.8,1.2,1.2,250,1870,1803.678663107697,542.8256631076969,1260.853,153.9595069885254
double_heavy,40,0.8,1.2,1.2,250,1871,1661.280030075188,548.012030075188,1113.268,162.76187372207642
double_heavy,40,0.8,1.2,1.2,250,1872,1287.4430138504156,526.5950138504154,760.8480000000002,155.7944939136505
double_heavy,40,0.8,1.7,1.7,80,1873,1649.2632629861478,523.9312629861478,1125.332,50.098469972610474
double_heavy,40,0.8,1.7,1.7,80,1874,2765.666965571824,543.0809655718242,2222.5860000000002,52.72022080421448
double_heavy,40,0.8,1.7,1.7,80,1875,2808.465627960956,538.0096279609561,2270.456,52.70995497703552
double_heavy,40,0.8,1.7,1.7,150,1876,3009.5969074795344,487.6451681042048,2521.9517393753295,116.53866481781006
double_heavy,40,0.8,1.7,1.7,150,1877,2916.7355163767884,533.6475163767883,2383.088,115.96738815307617
double_heavy,40,0.8,1.7,1.7,150,1878,3226.7194662539823,498.3914662539828,2728.3279999999995,91.41099691390991
double_heavy,40,0.8,1.7,1.7,250,1879,3121.529810946611,499.2549417967469,2622.274869149864,194.67266392707825
double_heavy,40,0.8,1.7,1.7,250,1880,1926.4302162019017,545.1122162019016,1381.318,158.2508749961853
double_heavy,40,0.8,1.7,1.7,250,1881,2325.6366842105263,539.0736842105263,1786.563,157.1711962223053
double_heavy,40,0.8,2.2,2.2,80,1882,3266.160692341764,502.27687695430313,2763.883815387461,61.78723096847534
double_heavy,40,0.8,2.2,2.2,80,1883,2720.2238005545355,532.2958005545356,2187.928,50.748985052108765
double_heavy,40,0.8,2.2,2.2,80,1884,2982.2348984302857,540.1698984302863,2442.0649999999996,51.777945041656494
double_heavy,40,0.8,2.2,2.2,150,1885,3206.3813212117366,516.0590306819693,2690.322290529767,115.93559789657593
double_heavy,40,0.8,2.2,2.2,150,1886,2816.061087254831,549.9850872548309,2266.076,92.92616295814514
double_heavy,40,0.8,2.2,2.2,150,1887,3127.021067456938,539.1814276946482,2587.83963976229,119.29241013526917
double_heavy,40,0.8,2.2,2.2,250,1888,3173.5941954752134,507.4622704424891,2666.131925032724,190.02770519256592
double_heavy,40,0.8,2.2,2.2,250,1889,3072.0794193966226,509.14047584521495,2562.9389435514076,193.1970717906952
double_heavy,40,0.8,2.2,2.2,250,1890,3373.7109659059506,524.1282423210976,2849.5827235848533,205.19811296463013
double_heavy,80,0.3,1.2,1.2,80,1891,2965.7752377876614,529.979372795285,2435.795864992376,125.48611497879028
double_heavy,80,0.3,1.2,1.2,80,1892,3142.930921424768,526.0525510351156,2616.8783703896524,124.9456799030304
double_heavy,80,0.3,1.2,1.2,80,1893,2594.810685786696,512.3116857866958,2082.4990000000003,120.26357412338257
double_heavy,80,0.3,1.2,1.2,150,1894,2786.825110933718,495.00581341341683,2291.819297520301,228.47017002105713
double_heavy,80,0.3,1.2,1.2,150,1895,3305.029474773612,495.0283104681909,2810.0011643054213,237.6199653148651
double_heavy,80,0.3,1.2,1.2,150,1896,2426.22666167471,506.05466167471013,1920.1719999999998,217.49165105819702
double_heavy,80,0.3,1.2,1.2,250,1897,1769.9173168706493,515.9033168706493,1254.0140000000001,329.0820589065552
double_heavy,80,0.3,1.2,1.2,250,1898,1131.1212226139116,518.8172226139117,612.304,327.9270701408386
double_heavy,80,0.3,1.2,1.2,250,1899,1520.8602406015036,525.6962406015037,995.1639999999999,331.07038283348083
double_heavy,80,0.3,1.7,1.7,80,1900,2093.1645396498575,504.265539649857,1588.8990000000003,103.35141515731812
double_heavy,80,0.3,1.7,1.7,80,1901,3037.487189489723,497.8515177048776,2539.6356717848453,123.4439148902893
double_heavy,80,0.3,1.7,1.7,80,1902,3040.0975095349977,521.2364155978544,2518.8610939371433,127.74482417106628
double_heavy,80,0.3,1.7,1.7,150,1903,3204.0799531298703,503.8983723465194,2700.181580783351,234.7379970550537
double_heavy,80,0.3,1.7,1.7,150,1904,2726.6908733795462,534.161873379546,2192.529,219.17582082748413
double_heavy,80,0.3,1.7,1.7,150,1905,1878.028397249862,535.1543972498623,1342.8739999999998,198.24252009391785
double_heavy,80,0.3,1.7,1.7,250,1906,1449.6877834127547,514.1337834127548,935.5539999999999,371.48112416267395
double_heavy,80,0.3,1.7,1.7,250,1907,1816.9348222769147,528.7438222769147,1288.191,313.96621108055115
double_heavy,80,0.3,1.7,1.7,250,1908,1772.175382001762,511.3443820017618,1260.8310000000001,333.3536183834076
double_heavy,80,0.3,2.2,2.2,80,1909,2806.353676369093,495.3667446196419,2310.9869317494513,121.7814769744873
double_heavy,80,0.3,2.2,2.2,80,1910,3042.2980259346314,525.0470259346316,2517.2509999999997,98.07337594032288
double_heavy,80,0.3,2.2,2.2,80,1911,2809.349150920378,508.76915092037785,2300.5800000000004,102.82564783096313
double_heavy,80,0.3,2.2,2.2,150,1912,2019.4103223063794,530.4063223063791,1489.0040000000001,190.06524181365967
double_heavy,80,0.3,2.2,2.2,150,1913,3071.3867901181725,486.47973079697675,2584.907059321196,233.2379550933838
double_heavy,80,0.3,2.2,2.2,150,1914,3059.963774818566,482.6388180417523,2577.3249567768135,233.7022168636322
double_heavy,80,0.3,2.2,2.2,250,1915,3039.17215315888,517.3601554873942,2521.811997671486,396.8588218688965
double_heavy,80,0.3,2.2,2.2,250,1916,1755.0165703917073,529.7145703917075,1225.302,320.474928855896
double_heavy,80,0.3,2.2,2.2,250,1917,2854.428788783646,538.3877887836455,2316.041,330.18812584877014
double_heavy,80,0.5,1.2,1.2,80,1918,2847.825233620454,504.2332336204545,2343.5919999999996,106.2863380908966
double_heavy,80,0.5,1.2,1.2,80,1919,1968.7727780838807,529.1847780838805,1439.5880000000002,110.89785313606262
double_heavy,80,0.5,1.2,1.2,80,1920,2927.9104821456367,496.81548214563696,2431.095,120.9772138595581
double_heavy,80,0.5,1.2,1.2,150,1921,2696.674853034061,505.7812371183637,2190.8936159156974,229.44038915634155
double_heavy,80,0.5,1.2,1.2,150,1922,3141.1143614722623,510.89762608367187,2630.2167353885907,232.37671184539795
double_heavy,80,0.5,1.2,1.2,150,1923,2274.2058666171897,530.9468666171895,1743.259,224.72567796707153
double_heavy,80,0.5,1.2,1.2,250,1924,1249.991898895507,518.751898895507,731.24,323.711040019989
double_heavy,80,0.5,1.2,1.2,250,1925,1485.1713495079289,526.3063495079289,958.865,363.3782708644867
double_heavy,80,0.5,1.2,1.2,250,1926,1661.4094985624306,517.4574985624307,1143.952,318.2254960536957
double_heavy,80,0.5,1.7,1.7,80,1927,3187.44134570603,512.4223457060302,2675.019,102.85762286186218
double_heavy,80,0.5,1.7,1.7,80,1928,2518.25022297662,547.4232229766203,1970.8269999999998,112.38538527488708
double_heavy,80,0.5,1.7,1.7,80,1929,3172.8319837155186,531.879227997464,2640.9527557180545,124.96040320396423
double_heavy,80,0.5,1.7,1.7,150,1930,2317.9669746793315,545.5899746793311,1772.3770000000002,200.16310095787048
double_heavy,80,0.5,1.7,1.7,150,1931,1832.746687673854,531.5666876738537,1301.1800000000003,190.83000302314758
double_heavy,80,0.5,1.7,1.7,150,1932,3338.475136912761,493.5035042276917,2844.9716326850694,236.19415807724
double_heavy,80,0.5,1.7,1.7,250,1933,1768.9695907959235,519.2015907959235,1249.768,325.71370005607605
double_heavy,80,0.5,1.7,1.7,250,1934,1396.8175605810193,531.6025605810191,865.215,308.44690203666687
double_heavy,80,0.5,1.7,1.7,250,1935,2714.400880806387,506.77388080638684,2207.627,379.0301480293274
double_heavy,80,0.5,2.2,2.2,80,1936,2711.147679919333,521.6716799193332,2189.4759999999997,102.01807308197021
double_heavy,80,0.5,2.2,2.2,80,1937,2211.085289275821,533.1472892758211,1677.9379999999999,105.07432699203491
double_heavy,80,0.5,2.2,2.2,80,1938,3053.3475332946327,496.98544712229443,2556.3620861723384,124.75928497314453
double_heavy,80,0.5,2.2,2.2,150,1939,2859.6892776756595,549.9052776756591,2309.784,191.68203687667847
double_heavy,80,0.5,2.2,2.2,150,1940,3193.1768728165957,487.593450629997,2705.583422186599,240.1166431903839
double_heavy,80,0.5,2.2,2.2,150,1941,3108.007401646133,497.4807464979692,2610.526655148164,228.2316370010376
double_heavy,80,0.5,2.2,2.2,250,1942,2390.8379960427383,548.6299960427384,1842.2079999999999,316.5355758666992
double_heavy,80,0.5,2.2,2.2,250,1943,2219.439779781934,530.5147797819336,1688.925,386.9220600128174
double_heavy,80,0.5,2.2,2.2,250,1944,3455.9729476791463,557.1944911071189,2898.7784565720276,405.8392882347107
double_heavy,80,0.8,1.2,1.2,80,1945,2827.5477920347967,575.0077920347968,2252.54,101.72833013534546
double_heavy,80,0.8,1.2,1.2,80,1946,2624.530859106064,512.7430257275648,2111.787833378499,118.4133460521698
double_heavy,80,0.8,1.2,1.2,80,1947,2896.228334483272,549.7843344832722,2346.444,121.90950298309326
double_heavy,80,0.8,1.2,1.2,150,1948,1640.4346311832214,531.5156311832212,1108.919,190.47465801239014
double_heavy,80,0.8,1.2,1.2,150,1949,2962.996143821092,492.85927624099907,2470.136867580093,234.74775218963623
double_heavy,80,0.8,1.2,1.2,150,1950,2639.697970864335,537.8679708643347,2101.8300000000004,212.63030815124512
double_heavy,80,0.8,1.2,1.2,250,1951,3033.823354592787,479.67328435373724,2554.15007023905,394.1034722328186
double_heavy,80,0.8,1.2,1.2,250,1952,2565.971288880095,554.810288880095,2011.161,375.1025731563568
double_heavy,80,0.8,1.2,1.2,250,1953,2019.0037039968342,535.9237039968342,1483.08,323.581405878067
double_heavy,80,0.8,1.7,1.7,80,1954,2226.2207530668775,537.7117530668777,1688.509,101.32149815559387
double_heavy,80,0.8,1.7,1.7,80,1955,2888.413158713287,500.52323664320164,2387.8899220700855,120.01707291603088
double_heavy,80,0.8,1.7,1.7,80,1956,3028.832057916174,489.7225112458057,2539.109546670368,122.3832619190216
double_heavy,80,0.8,1.7,1.7,150,1957,3033.5575773741916,487.436906682834,2546.1206706913576,232.0409653186798
double_heavy,80,0.8,1.7,1.7,150,1958,1987.4004884923797,525.4014884923798,1461.9989999999998,188.30406498908997
double_heavy,80,0.8,1.7,1.7,150,1959,3170.959705442762,519.8241667897772,2651.1355386529845,230.46134901046753
double_heavy,80,0.8,1.7,1.7,250,1960,1918.7586509695293,534.7656509695291,1383.9930000000002,328.79883909225464
double_heavy,80,0.8,1.7,1.7,250,1961,3107.3113126836793,496.4609598905694,2610.85035279311,388.68854570388794
double_heavy,80,0.8,1.7,1.7,250,1962,1626.0334515235456,531.3174515235457,1094.716,303.4414200782776
double_heavy,80,0.8,2.2,2.2,80,1963,3175.5831837323835,516.7116469608017,2658.8715367715818,127.88907289505005
double_heavy,80,0.8,2.2,2.2,80,1964,2589.3614102730007,514.226410273001,2075.1349999999998,94.25491309165955
double_heavy,80,0.8,2.2,2.2,80,1965,2884.206016078695,531.4310160786952,2352.775,99.32670187950134
double_heavy,80,0.8,2.2,2.2,150,1966,2818.1813657382,547.4993657382001,2270.682,178.16346311569214
double_heavy,80,0.8,2.2,2.2,150,1967,2768.484784827492,502.5570676897189,2265.9277171377735,222.4901168346405
double_heavy,80,0.8,2.2,2.2,150,1968,3061.0563265126134,516.4923265126137,2544.564,188.50750994682312
double_heavy,80,0.8,2.2,2.2,250,1969,2330.1208508112386,534.1508508112386,1795.97,318.8837139606476
double_heavy,80,0.8,2.2,2.2,250,1970,2244.935493558458,531.0254935584576,1713.91,326.25533509254456
double_heavy,80,0.8,2.2,2.2,250,1971,2448.2907615084887,539.3487615084885,1908.942,312.5565519332886
